Frame_Num,Time_Stamp,Real_Speed,Belt_Speed,Kalman_X_Pos,Kalman_Y_Pos
0,1528484347.060799,0.3813270716552752,0.44,0.018745580191720755,0.008227842743842152
1,1528484347.0648,0.37831275471337006,0.4395271643946917,0.01826295030062291,0.008366964914688092
2,1528484347.068802,0.3751405537997653,0.43831485059131536,0.01774747447142728,0.008259190217567934
3,1528484347.072805,0.3719677859492643,0.43710232012277694,0.017231906516204747,0.008151396258914869
4,1528484347.076805,0.3687970968673828,0.435890584093166,0.01671667635641419,0.00804367292588246
5,1528484347.080806,0.3656258408486052,0.4346786313983931,0.01620135407059673,0.007935930331317143
6,1528484347.084812,0.3624506162715536,0.43346516204748575,0.015685386902590952,0.007828052906021486
7,1528484347.088811,0.3592808720844994,0.4322537871264783,0.015170310286178566,0.00772036167554392
8,1528484347.09281,0.35611112789744515,0.4310424122054708,0.014655233669766182,0.007612670445066354
9,1528484347.097099,0.35271139630947007,0.4297431434503927,0.014102784595106978,0.007497165452739912
10,1528484347.100814,0.3497667260702356,0.4286177845987181,0.01362428201137492,0.007397121050826036
11,1528484347.104817,0.3465939582197346,0.42740525413017966,0.013108714056152389,0.0072893270921729715
12,1528484347.108815,0.343424969948542,0.42619416809605487,0.012593760274442539,0.00718166154373928
13,1528484347.113059,0.340060955385032,0.42490854924618576,0.012047115139478199,0.007067370027985917
14,1528484347.11682,0.3370798122054708,0.4237692516024194,0.011562685781348742,0.0069660864674550875
15,1528484347.120752,0.3339631711077006,0.4225781709849237,0.011056238302789564,0.006860199400559719
16,1528484347.124763,0.33078397797237513,0.42136318497788205,0.010539626252595469,0.006752187144533719
17,1528484347.128793,0.3275896665198158,0.42014242123318585,0.010020557508350637,0.006643661247630226
18,1528484347.132768,0.3267380603891181,0.42,0.009555088646508886,0.0063854428535332275
19,1528484347.136832,0.3261826859260507,0.42,0.009085556746399394,0.006100696791038491
20,1528484347.140825,0.3256370205789045,0.42,0.008624233253319857,0.005820928689744239
21,1528484347.144826,0.3250902800612033,0.42,0.008162000775569219,0.005540609337713019
22,1528484347.148827,0.32454350696257617,0.42,0.007699740752828546,0.0052602732811140125
23,1528484347.152772,0.32400442296246384,0.42,0.007243981347735759,0.004983879502512704
24,1528484347.15683,0.32344986302254414,0.42,0.006775138072377103,0.00469955105421264
25,1528484347.160834,0.3229026989528061,0.42,0.006312547509756029,0.004419014542800192
26,1528484347.164841,0.3223551439119571,0.42,0.005849626407254555,0.004138277576574301
27,1528484347.168837,0.32180905501277407,0.42,0.005387944829304585,0.0038582923158988185
28,1528484347.172839,0.3212621841713692,0.42,0.004925602171593812,0.003577906145596452
29,1528484347.176837,0.32071583462477893,0.42,0.0044637002337235745,0.0032977872483786748
30,1528484347.180839,0.3201689312024481,0.42,0.0040013300310227685,0.0030173843735085215
31,1528484347.18484,0.3196221906847469,0.42,0.00353909755327213,0.002737065021477302
32,1528484347.188845,0.3190748962913052,0.42,0.0030763968106909236,0.0024564616917937066
33,1528484347.192847,0.31852799286897443,0.42,0.0026140266079901176,0.002176058816923553
34,1528484347.196846,0.3179815129986805,0.42,0.002152014490159746,0.0018958731014346282
35,1528484347.200856,0.317184116892911,0.42,0.0016418401206636502,0.0017301749622926094
36,1528484347.204849,0.31636596331968686,0.42,0.0011292837175896,0.0015763238382532501
37,1528484347.208845,0.31554722353659415,0.42,0.0006163600660777132,0.0014223624793507147
38,1528484347.212851,0.31472638316813906,0.42,0.00010212044099691198,0.0012680061121884652
39,1528484347.216876,0.31390168358471593,0.42,-0.00041453690296631464,0.0011129240321769733
40,1528484347.220857,0.31308602140343317,0.42,-0.0009255325001795585,0.0009595414063061123
41,1528484347.224854,0.3122670373662285,0.42,-0.0014386091718738775,0.0008055341162105868
42,1528484347.228857,0.3114468320584644,0.42,-0.0019524509444803556,0.0006512971701501113
43,1528484347.232888,0.31062091120448176,0.42,-0.002469873389355742,0.0004959854341736695
44,1528484347.236883,0.30980236682467854,0.42,-0.0029826746247216835,0.0003420608202255261
45,1528484347.240859,0.3089876816598434,0.42,-0.0034930581412051997,0.0001888619191266251
46,1528484347.244862,0.3081674763520793,0.42,-0.004006899913811678,3.46249730661496e-05
47,1528484347.248862,0.30734790610500606,0.42,-0.004520343833943834,-0.00011949255189255196
48,1528484347.252867,0.3065273099906629,0.42,-0.005034430438842203,-0.0002738029878618113
49,1528484347.256869,0.3057073000861883,0.42,-0.005548149795302736,-0.00042800318896789465
50,1528484347.26087,0.3048875344358256,0.42,-0.0060617161315808365,-0.0005821574588809884
51,1528484347.264871,0.3053072724924912,0.4196170337235765,-0.006366403577110488,-0.0006801640519658413
52,1528484347.268871,0.3083617951972262,0.4184200500824005,-0.006227014832095542,-0.0006587978939708495
53,1528484347.272867,0.31141304090776134,0.4172243506053407,-0.006087775627991924,-0.0006374546583053314
54,1528484347.27687,0.3144697482752962,0.4160265108547539,-0.005948287189036092,-0.0006160732187573572
55,1528484347.280873,0.3175264556428311,0.4148286711041671,-0.0058087987500802605,-0.000594691779209383
56,1528484347.284877,0.3205838912312994,0.41363054598377674,-0.0056692770798108,-0.0005733052458104145
57,1528484347.288881,0.32364132681976754,0.41243242086338633,-0.005529755409541339,-0.0005519187124114462
58,1528484347.292877,0.3266925725303027,0.4112367213863265,-0.005390516205437721,-0.0005305754767459281
59,1528484347.296881,0.3297500081187709,0.41003859626593614,-0.0052509945351682605,-0.0005091889433469597
60,1528484347.300881,0.3328043487682726,0.408841683967211,-0.005111614097981722,-0.00048782405881471654
61,1528484347.304879,0.33585723297590764,0.4076453424080931,-0.00497230012342244,-0.0004664693619844616
62,1528484347.308877,0.33891011718354275,0.4064490008489752,-0.004832986148863158,-0.0004451146651542067
63,1528484347.312885,0.34197064771097746,0.4052496629069195,-0.004693323245510776,-0.0004237064828885132
64,1528484347.316889,0.3450280832994457,0.40405153778652914,-0.004553801575241316,-0.00040231994948954476
65,1528484347.320889,0.3480824239489474,0.40285462548780404,-0.004414421138054776,-0.00038095506495730157
66,1528484347.324888,0.3511360363775157,0.4016579985588825,-0.0042750739321818654,-0.0003595952742760525
67,1528484347.328888,0.35419037702701744,0.4004610862601574,-0.004135693494995327,-0.0003382303897438093
68,1528484347.332898,0.3584669688159183,0.4,-0.0037556420571925623,-0.00023027221920191368
69,1528484347.336894,0.3634842126671741,0.4,-0.003227437588344025,-6.886459715124498e-05
70,1528484347.34089,0.3685011571780653,0.4,-0.0026992646333949474,9.253339494762783e-05
71,1528484347.344893,0.3735270818998949,0.4,-0.0021701462614620703,0.0002542202856003769
72,1528484347.348891,0.3785467204740677,0.4,-0.0016416896814178531,0.0004157049472654126
73,1528484347.352903,0.38358372078938785,0.4,-0.0011114052952049575,0.0005777481461346091
74,1528484347.356902,0.38860455672501903,0.4,-0.0005828226595629006,0.0007392713276068283
75,1528484347.360898,0.3936218005762749,0.4,-5.4618190714362906e-05,0.000900678949657497
76,1528484347.36514,0.39894766434344536,0.4,0.000506077108477403,0.0010720150520097133
77,1528484347.368907,0.4036772421043094,0.4,0.0010039967199449102,0.0012241682903845457
78,1528484347.37284,0.40861516075894316,0.4,0.001523850005436556,0.0013830239752093073
79,1528484347.376847,0.41364617426697114,0.4,0.0020535041136602525,0.0015448745750425861
80,1528484347.380844,0.4186646154796854,0.4,0.00258183463810663,0.0017063207169004386
81,1528484347.384853,0.4236977243702657,0.4,0.0031117093436265455,0.0018682387263962885
82,1528484347.388864,0.42873382666449206,0.4,0.0036418991881410614,0.0020302530354100973
83,1528484347.392915,0.4338199187996086,0.4,0.004177351853865392,0.0021938755463738174
84,1528484347.396916,0.4385739783752378,0.4,0.004728778792570208,0.002326004796842728
85,1528484347.400915,0.4420679943670754,0.4,0.005385511186138046,0.002320359702978365
86,1528484347.404919,0.4455663849094304,0.4,0.006043065816650075,0.0023147075413878252
87,1528484347.408913,0.44905602635075054,0.4,0.006698975973273721,0.0023090695152496376
88,1528484347.412915,0.45255275039767034,0.4,0.007356217370664154,0.002303420046126213
89,1528484347.416924,0.45605551549054274,0.4,0.008014594238120376,0.0022977608168094975
90,1528484347.420922,0.4595486982346627,0.4,0.008671170015127416,0.002292117069178691
91,1528484347.424918,0.46304000617141805,0.4,0.009327393404872658,0.0022864763505733893
92,1528484347.428925,0.46654110476885524,0.4,0.009985457039207283,0.0022808198137237883
93,1528484347.432926,0.4700367872561281,0.4,0.010642502665896718,0.0022751720273923104
94,1528484347.436926,0.4735316364956832,0.4,0.011299391676025353,0.0022695255872943894
95,1528484347.440965,0.4770606488916601,0.4,0.011962701965146724,0.0022638239516206173
96,1528484347.444928,0.4805232097821582,0.4,0.012613522083544423,0.002258229678073044
97,1528484347.448931,0.48402076707679553,0.4,0.013270920097495652,0.0022525788627160617
98,1528484347.452933,0.48751749112371534,0.4,0.013928161494886085,0.0022469293935926367
99,1528484347.456934,0.4910131736109881,0.4,0.01458520712157552,0.002241281607261159
100,1528484347.460933,0.4945071896028257,0.4,0.015241939515143358,0.002235636513396795
101,1528484347.464931,0.49696260276953935,0.39957582094010713,0.015891829752277722,0.0022046404506369088
102,1528484347.468938,0.4975391887433233,0.3983804524861132,0.016531053033050976,0.0021275391853543004
103,1528484347.472939,0.4981148827533233,0.39718693323660575,0.017169287451725097,0.0020505571937610685
104,1528484347.476935,0.49868985633103613,0.39599490757533734,0.01780672317408838,0.001973671538609256
105,1528484347.480939,0.499265996322928,0.3948004637235866,0.018445452023812065,0.001896629910171336
106,1528484347.484943,0.49984213631482,0.3936060198718359,0.01908418087353575,0.001819588281733416
107,1528484347.488943,0.5004177274059217,0.3924127139920769,0.019722301192736894,0.0017426200524889583
108,1528484347.492939,0.5009927009836346,0.3912206883308085,0.02035973691510018,0.0016657343973371457
109,1528484347.496947,0.5015694241826161,0.3900250353838166,0.020999112328504065,0.0015886147822561719
110,1528484347.500946,0.5021448437422209,0.388832085120305,0.021637042481916915,0.0015116694902596712
111,1528484347.504944,0.5027201260766282,0.3876394193497913,0.02227482050269913,0.001434742548061536
112,1528484347.508959,0.5032978441582919,0.3864417038285645,0.022915298877675124,0.0013574898969424118
113,1528484347.512959,0.5038734009430943,0.38524846907205496,0.023553381163718606,0.0012805262551475452
114,1528484347.516956,0.504448546052304,0.38405608779453915,0.02419100705187019,0.0012036176627477756
115,1528484347.520952,0.5050235196300168,0.38286406213327073,0.024828442774233468,0.0011267320075959632
116,1528484347.52495,0.5055988019644242,0.38167139636275704,0.025466220795015683,0.001049805065397828
117,1528484347.528952,0.5061746331996216,0.38047759262025166,0.02610460734632044,0.0009728047240062305
118,1528484347.532958,0.5092049351360639,0.38,0.027059162238593327,0.0009651838312678537
119,1528484347.536956,0.5138591889323224,0.38,0.02822136005569994,0.0010037216649842135
120,1528484347.540953,0.5185120549732597,0.38,0.029383211341165692,0.0010422480079039498
121,1528484347.54496,0.5231768557099594,0.38,0.030548042798742816,0.0010808731716746493
122,1528484347.548965,0.527839158487081,0.38,0.03171225049936639,0.0011194776520114264
123,1528484347.55296,0.5324898041195043,0.38,0.032873547334206776,0.0011579856096565646
124,1528484347.556964,0.5371509966923689,0.38,0.03403747780951767,0.0011965808973560428
125,1528484347.560964,0.5418077484482056,0.38,0.03520029938357783,0.0012351394145063252
126,1528484347.564967,0.5464675532657488,0.38,0.03636388332724787,0.0012737232114091797
127,1528484347.568968,0.5511254152258425,0.38,0.0375269821266207,0.001312290921196761
128,1528484347.572966,0.555779669022101,0.38,0.038689179943727316,0.0013508287549131208
129,1528484347.576965,0.5604350330226164,0.38,0.03985165498614661,0.0013893757812667796
130,1528484347.580967,0.5650937276359028,0.38,0.04101496170450396,0.001427950385532335
131,1528484347.584973,0.5697574181683456,0.38,0.0421795159367684,0.0014665663566657359
132,1528484347.588977,0.5744186107412101,0.38,0.043343446412079295,0.001505161644365214
133,1528484347.59297,0.5790667584140553,0.38,0.04450411948996613,0.0015436489185764297
134,1528484347.597261,0.5840011032270852,0.38,0.04575084601524351,0.0015890343249427917
135,1528484347.600974,0.586163879723959,0.38,0.0468072592911584,0.0017672265446224255
136,1528484347.604985,0.5885001060631723,0.38,0.04794839455125317,0.0019597093821510296
137,1528484347.608975,0.5908241117569686,0.38,0.04908356060829925,0.0021511853546910755
138,1528484347.612983,0.5931586716445342,0.38,0.05022388188616011,0.0023435308924485126
139,1528484347.617228,0.5956312692769239,0.38,0.051431628025730196,0.0025472494279176203
140,1528484347.620995,0.5978254306131643,0.38,0.052503371300383794,0.0027280274599542336
141,1528484347.624981,0.6001470755004594,0.38,0.05363738421593182,0.0029193089244851263
142,1528484347.628988,0.6024810799041425,0.38,0.05477743416638138,0.003111608695652174
143,1528484347.632992,0.604813278985207,0.38,0.055916602302744194,0.003303759725400458
144,1528484347.636988,0.6071407564532695,0.38,0.05705346415611093,0.003495521739130435
145,1528484347.64099,0.6094718445665688,0.38,0.05819208963765113,0.003687581235697941
146,1528484347.644991,0.6118022383250149,0.38,0.05933037595992721,0.00387958352402746
147,1528484347.648995,0.6141344374060794,0.38,0.06046954409629003,0.0040717345537757445
148,1528484347.653002,0.6164684418097623,0.38,0.06160959404673959,0.004264034324942792
149,1528484347.656998,0.6187959192778248,0.38,0.06274645590010632,0.004455796338672769
150,1528484347.660995,0.6211240911007405,0.38,0.06388365691273717,0.0046476155606407325
151,1528484347.664998,0.6206241175316918,0.3794968531032146,0.06476452928486102,0.004715075275910639
152,1528484347.668998,0.6162202858986932,0.3783003548059265,0.06528895448856241,0.004610620974557385
153,1528484347.672995,0.6118196041720898,0.37710471232192844,0.06581300458929877,0.004506241385704352
154,1528484347.676998,0.6074126226326957,0.37590735821135024,0.0663378048959652,0.004401712371850875
155,1528484347.681002,0.6030043286323035,0.37470964751190117,0.06686276149553373,0.004297152227788971
156,1528484347.685009,0.5985926222333161,0.37351100968138784,0.06738812445664771,0.0041925111451851585
157,1528484347.689011,0.5941864281705208,0.37231386952413215,0.06791283098757288,0.004088000809456737
158,1528484347.693011,0.5897825965375221,0.371117371226844,0.06843725619127428,0.003983546508103482
159,1528484347.69701,0.5853798148733218,0.3699211582006526,0.06896155636065399,0.0038791171109169684
160,1528484347.70101,0.5809759832403231,0.3687246599033644,0.06948598156435538,0.0037746628095637136
161,1528484347.705012,0.5765697891775278,0.3675275197461087,0.07001068809528055,0.0036701524738352916
162,1528484347.70901,0.5721683199743256,0.36633166330878814,0.07053483197175817,0.003565754206857204
163,1528484347.713014,0.5677600259739334,0.36513395260933906,0.07105978857132669,0.0034611940627953
164,1528484347.717017,0.5633527819423396,0.3639365271809867,0.07158462013657353,0.003356658822900137
165,1528484347.721018,0.5589476378483428,0.3627396722948277,0.07210920163317702,0.0032521733913384566
166,1528484347.725015,0.5545472186139391,0.36154410112860375,0.07263322047533297,0.0031478000285271096
167,1528484347.72902,0.5501376121525487,0.36034603384028385,0.07315833336780359,0.00304320875425678
168,1528484347.733018,0.5487210986077669,0.36,0.07381714461482755,0.0029028036969312937
169,1528484347.73702,0.5485197942464017,0.36,0.07453155628858514,0.002747570804743369
170,1528484347.741017,0.5483187417253553,0.36,0.07524507420295103,0.0025925321155064723
171,1528484347.74502,0.5481174013868019,0.36,0.0759596135566217,0.00243727148003983
172,1528484347.74903,0.5479156892839685,0.36,0.0766754722693944,0.002281724164026433
173,1528484347.753032,0.5477143969149996,0.36,0.07738984138318096,0.002126500519598081
174,1528484347.75703,0.5475132964243686,0.36,0.07810352953743098,0.001971424839322893
175,1528484347.761031,0.5473120520249841,0.36,0.07881772841133339,0.0018162381859328327
176,1528484347.765031,0.547110843602788,0.36,0.07953179960532271,0.0016610792758214902
177,1528484347.76903,0.5469096951425726,0.36,0.08024565799945686,0.0015059666045080114
178,1528484347.773029,0.5467085466823571,0.36,0.08095951639359102,0.0013508539331945327
179,1528484347.777031,0.5465072543133882,0.36,0.08167388550737757,0.0011956302887661811
180,1528484347.781037,0.546305746081289,0.36,0.0823890207006427,0.0010402401846655203
181,1528484347.785041,0.546104345780755,0.36,0.08310377285416855,0.000884933310401014
182,1528484347.789045,0.5459029454802209,0.36,0.0838185250076944,0.0007296264361365077
183,1528484347.793038,0.5457021088223046,0.36,0.0845312768425817,0.0005747542065719204
184,1528484347.797055,0.5450362802520785,0.36,0.08518684285336016,0.0004358751999152677
185,1528484347.801044,0.54304447344172,0.36,0.08566128509241117,0.00034656286607001005
186,1528484347.805041,0.5410486189694435,0.36,0.08613669147204717,0.0002570690356405232
187,1528484347.809042,0.5390508597150876,0.36,0.08661255156489965,0.00016748979505375205
188,1528484347.813043,0.5370529814118519,0.36,0.08708844001482816,7.790521633215062e-05
189,1528484347.81705,0.5350522459354975,0.36,0.08756500903458136,-1.1807477625377309e-05
190,1528484347.821049,0.5330554390721813,0.36,0.08804064227082561,-0.00010134401313350628
191,1528484347.825047,0.5310591084043849,0.36,0.08851616207876573,-0.00019085919610231422
192,1528484347.829051,0.5290598015145898,0.36,0.08899239081360659,-0.0002805078324418789
193,1528484347.833054,0.5270609708203146,0.36,0.08946850612014334,-0.00037013511624212254
194,1528484347.837053,0.5250641639569984,0.36,0.08994413935638758,-0.00045967165175025157
195,1528484347.841052,0.5230673570936821,0.36,0.09041977259263181,-0.0005492081872583805
196,1528484347.845056,0.5210680502038871,0.36,0.09089600132747268,-0.0006388568235979452
197,1528484347.849053,0.5190723147804903,0.36,0.09137137935003266,-0.0007283453158926018
198,1528484347.85306,0.517071460255256,0.36,0.0918479767268619,-0.00081806334798496
199,1528484347.85706,0.51507417719642,0.36,0.09232372339141026,-0.0009076212360324101
200,1528484347.861064,0.513074870306625,0.36,0.09279995212625113,-0.0009972698723719749
201,1528484347.865062,0.5100224687143102,0.36,0.0930646703296311,-0.0010099922910004567
202,1528484347.869304,0.5049355386092393,0.36,0.09297659678006509,-0.0008890895957058017
203,1528484347.873015,0.500485332500571,0.36,0.0928995472747259,-0.0007833201233439927
204,1528484347.87701,0.4956943203731726,0.36,0.09281659715837712,-0.0006694506052992233
205,1528484347.88101,0.49089759002398353,0.36,0.09273354803848789,-0.0005554451804476929
206,1528484347.885013,0.48609714283063044,0.36,0.09265043456629739,-0.0004413514161717678
207,1528484347.889018,0.48129440834856096,0.36,0.09256728149269072,-0.0003272032891731383
208,1528484347.893018,0.4764976779993718,0.36,0.09248423237280151,-0.00021319786432160803
209,1528484347.897019,0.47169980400582456,0.36,0.0924011634522042,-9.916525810872538e-05
210,1528484347.901027,0.4668933526795911,0.36,0.09231794602629625,1.5071208314298718e-05
211,1528484347.905009,0.4621180656621174,0.36,0.09223526816968364,0.00012856698264047516
212,1528484347.909011,0.45731904802421197,0.36,0.09215217944837825,0.00024262677021470985
213,1528484347.913014,0.4525186008308588,0.36,0.09206906597618776,0.00035672053449063495
214,1528484347.917013,0.4477230141260279,0.36,0.09198603665700662,0.0004706987779808131
215,1528484347.921022,0.44291541915543625,0.36,0.09190279943039059,0.0005849624257651897
216,1528484347.925053,0.4380815203646071,0.36,0.09181910678748857,0.0006998512448606669
217,1528484347.929093,0.4332367569523755,0.36,0.09173522603785975,0.0008149982868889904
218,1528484347.93309,0.4300173873390365,0.36,0.09166257439711842,0.0007666160972534895
219,1528484347.937086,0.4275258016749212,0.36,0.09159471536425033,0.0006432744565511031
220,1528484347.94108,0.42503555389464204,0.36,0.09152689276902296,0.0005199990454750113
221,1528484347.945089,0.4225359409275101,0.36,0.09145881511031068,0.0003962600270148582
222,1528484347.949094,0.42003885507429084,0.36,0.09139080627825304,0.00027264610895992797
223,1528484347.953097,0.41754295845114814,0.36,0.09132282983520937,0.00014909106168392626
224,1528484347.95709,0.4150534539396668,0.36,0.09125502748311572,2.5852444844664613e-05
225,1528484347.961094,0.4125569627014858,0.36,0.09118703484556506,-9.77320378208014e-05
226,1528484347.965099,0.410059728194507,0.36,0.09111902196488068,-0.0002213533147230975
227,1528484347.9691,0.4075651694552004,0.36,0.09105108195947771,-0.0003448421323728049
228,1528484347.973097,0.40507298917604684,0.36,0.09098320673210265,-0.00046821320846465535
229,1528484347.977104,0.40257471409275103,0.36,0.09091516551103107,-0.0005918859972985141
230,1528484347.981111,0.40007629035569564,0.36,0.09084712024133274,-0.0007155661449797387
231,1528484347.985104,0.39758663719045473,0.36,0.09077931384061233,-0.0008388121206663664
232,1528484347.989102,0.3950940109500225,0.36,0.09071142646735704,-0.0009622052733003149
233,1528484347.993103,0.3925993035569563,0.36,0.09064348241332733,-0.0010857014497973883
234,1528484347.997107,0.3900641718294933,0.36,0.09054737292021107,-0.0012279082910406874
235,1528484348.001108,0.3872935696458952,0.36,0.09027856916289397,-0.0014844332088583868
236,1528484348.005109,0.3845228023587762,0.36,0.09000974938723723,-0.001740973413304882
237,1528484348.009105,0.38175566734911615,0.36,0.08974128201505234,-0.0019971773119178754
238,1528484348.013104,0.37898638599368495,0.36,0.08947260640445226,-0.0022535799367052103
239,1528484348.017108,0.3762136374643156,0.36,0.08920359440871997,-0.0025103035806972518
240,1528484348.021114,0.37343940300325845,0.36,0.08893443824793103,-0.0027671648043484528
241,1528484348.025133,0.37065641805559557,0.36,0.08866443311514173,-0.0030248362193258166
242,1528484348.029116,0.36789819863606216,0.36,0.08839683073329681,-0.003280214639983852
243,1528484348.033117,0.36512743134894315,0.36,0.08812801095764007,-0.003536754844430347
244,1528484348.037118,0.362356829165345,0.36,0.08785920720032296,-0.0037932797622480465
245,1528484348.041118,0.35958688739583033,0.36,0.08759046751636437,-0.004049743533550564
246,1528484348.045124,0.3568126529347732,0.36,0.08732131135557542,-0.004306604757201765
247,1528484348.049122,0.3540440319934254,0.36,0.08705269981833386,-0.004562946235473918
248,1528484348.053128,0.35126996263588917,0.36,0.08678355967588454,-0.0048197921724963235
249,1528484348.057124,0.34850282762622914,0.36,0.08651509230369964,-0.005075996071109317
250,1528484348.061129,0.34572925357925544,0.36,0.08624600021626921,-0.005332796148245335
251,1528484348.065128,0.34298491193525776,0.36,0.08586431088170947,-0.005569192251322245
252,1528484348.069127,0.34025656948958133,0.36,0.08541012155101,-0.005792753871152743
253,1528484348.073123,0.33753034165976337,0.36,0.08495628424208954,-0.006016142218398861
254,1528484348.07713,0.3347964686803033,0.36,0.084501174239045,-0.006240157012680813
255,1528484348.081131,0.3320668249325601,0.36,0.08404676827955847,-0.006463825261794005
256,1528484348.085147,0.3293269334310414,0.36,0.08359065636837372,-0.006688333216508422
257,1528484348.089135,0.32660607347224874,0.36,0.08313771265319994,-0.006911281717963423
258,1528484348.093141,0.3238728511438221,0.36,0.08268271096454895,-0.007135243197604026
259,1528484348.09742,0.3209535426198517,0.36,0.08219673135934634,-0.007374452664670022
260,1528484348.101142,0.3184142142993691,0.36,0.08177400735996941,-0.007582526381189065
261,1528484348.105135,0.31568993842265125,0.36,0.08132049499422955,-0.00780575478451114
262,1528484348.109138,0.312958830710083,0.36,0.08086584532735755,-0.008029542991567365
263,1528484348.113137,0.31023048826440663,0.36,0.08041165599665809,-0.008253104611397864
264,1528484348.117084,0.30753760630004884,0.36,0.0799633698004064,-0.00847376058327492
265,1528484348.121339,0.30463456405191275,0.36,0.07948009805504222,-0.008711637184307227
266,1528484348.125104,0.3020659564349285,0.36,0.07905249990795613,-0.008922110059686909
267,1528484348.12909,0.2993463977782026,0.36,0.07859977282156941,-0.009144951931859215
268,1528484348.13309,0.29690144722173556,0.36,0.07805165973635,-0.009141859361648116
269,1528484348.137092,0.29454357264676123,0.36,0.07747405938739099,-0.009068218918155522
270,1528484348.141099,0.29218288873713305,0.36,0.07689577084547479,-0.008994490734351369
271,1528484348.145099,0.2898262783627529,0.36,0.0763184801833465,-0.008920889773998977
272,1528484348.149107,0.28746489211946125,0.36,0.075740019593191,-0.008847139655116933
273,1528484348.153102,0.28511123154646767,0.36,0.07516345153366774,-0.00877363082209168
274,1528484348.157104,0.28275335697149334,0.36,0.07458585118470873,-0.008699990378599086
275,1528484348.161112,0.28039197072820166,0.36,0.07400739059455323,-0.008626240259717042
276,1528484348.165166,0.2780036148722331,0.36,0.07342232335200884,-0.008551647833844019
277,1528484348.169162,0.27564925196557605,0.36,0.07284558324424628,-0.008478117065740875
278,1528484348.173168,0.2732891299228786,0.36,0.07226743234092152,-0.008404406429999034
279,1528484348.177098,0.27097367630117736,0.36,0.07170022370561588,-0.008332090865211002
280,1528484348.181107,0.2686117281909549,0.36,0.07112162547686895,-0.008258323198266646
281,1528484348.185162,0.2662226700013229,0.36,0.07053638618608526,-0.008183708837315732
282,1528484348.189164,0.26386493589308124,0.36,0.06995882024677409,-0.008110072780838716
283,1528484348.193172,0.2615035496497896,0.36,0.0693803596566186,-0.008036322661956672
284,1528484348.197171,0.2593440549374205,0.3598658272855855,0.0688321020902584,-0.007938402739033
285,1528484348.201184,0.2587366989664497,0.35866646715333667,0.06851121328687523,-0.007647018194903146
286,1528484348.205174,0.2581328430863287,0.3574740187328766,0.06819217371198114,-0.007357312851152367
287,1528484348.209178,0.25752685828496913,0.35627736628153467,0.0678720093486246,-0.007066586138098851
288,1528484348.213178,0.2569214869015936,0.3550819251611248,0.06755216907685895,-0.006776153717895276
289,1528484348.217126,0.25632398170177745,0.35390201757854944,0.0672364848031409,-0.006489495170708593
290,1528484348.221118,0.25571980107095904,0.352708927865243,0.06691727365034576,-0.006199634024860785
291,1528484348.225157,0.25510851200820855,0.3515018009640769,0.06659430684793877,-0.005906362544222485
292,1528484348.229192,0.25449783636344203,0.3502958853938429,0.06627166413712265,-0.005613385356434126
293,1528484348.233184,0.2538936557326237,0.3491027956805364,0.0659524529843275,-0.005323524210586319
294,1528484348.237179,0.2532890421008754,0.34790885091010143,0.06563301306099763,-0.0050334553286091425
295,1528484348.241114,0.2526935214886545,0.34673286233936507,0.06531837731889711,-0.004747748905348738
296,1528484348.245185,0.2520773972488537,0.345516187300264,0.06499285591218562,-0.004452157704599138
297,1528484348.249129,0.25148046938361074,0.34433741979386,0.06467747666584722,-0.004165776138918281
298,1528484348.253136,0.2508740515813213,0.3431399122853896,0.06435708353195597,-0.003874841689735395
299,1528484348.257126,0.2502701596177895,0.34194739261016877,0.06403802489285064,-0.0035851190346405017
300,1528484348.261154,0.24966056647534762,0.340743614682756,0.06371595410837136,-0.003292661187175568
301,1528484348.265188,0.2495942026255482,0.34,0.0634221290360878,-0.0029596746018326313
302,1528484348.269129,0.2503850183874716,0.34,0.0631802695306176,-0.002571343505024086
303,1528484348.273154,0.25119267426725334,0.34,0.06293325971988875,-0.002174743046686406
304,1528484348.277133,0.25199109678695936,0.34,0.06268907379812275,-0.0017826766416871433
305,1528484348.281141,0.25279535593842306,0.34,0.06244310282737506,-0.0013877441511578965
306,1528484348.285141,0.25359798848759363,0.34,0.062197629329294395,-0.0009936104057763503
307,1528484348.289176,0.25440765369961976,0.34,0.06195000499350628,-0.0005960232622562161
308,1528484348.293209,0.2552169361816946,0.34,0.06170249771011041,-0.0001986240587708351
309,1528484348.297205,0.2560187554297186,0.34,0.061457272948363256,0.00019511031403686126
310,1528484348.301207,0.2568218185500844,0.34,0.06121166776634132,0.0005894554919575047
311,1528484348.305207,0.25762445109925497,0.34,0.06096619426826065,0.0009835892373390512
312,1528484348.309205,0.2584267009184742,0.34,0.06072083782257223,0.0013775350426858445
313,1528484348.313208,0.25922995540381566,0.34,0.06047517411435417,0.0017719741906238639
314,1528484348.317151,0.2600211538956904,0.34,0.06023319755649174,0.0021604932274671626
315,1528484348.321217,0.2608370384694256,0.34,0.059983671119329694,0.002561134396552034
316,1528484348.325216,0.2616394796536205,0.34,0.05973825614744515,0.002955174171916204
317,1528484348.32922,0.2624429255039376,0.34,0.05949253391303097,0.0033497072898716
318,1528484348.333216,0.26247651561649765,0.34,0.05917992403466729,0.0035270787401574803
319,1528484348.337211,0.2623489261896611,0.34,0.05885325162615543,0.003659015748031496
320,1528484348.341222,0.26222081897331484,0.34,0.05852525350006307,0.003791488188976378
321,1528484348.345186,0.2620942194381881,0.34,0.058201115551631565,0.00392240157480315
322,1528484348.349165,0.2619671401863097,0.34,0.05787574936485342,0.004053811023622047
323,1528484348.353201,0.26183824105659564,0.34,0.05754572367069677,0.004187102362204724
324,1528484348.357207,0.26171029374583327,0.34,0.05721813495738662,0.004319409448818898
325,1528484348.361221,0.2615820951548677,0.34,0.05688990288113299,0.004451976377952756
326,1528484348.365227,0.2614541554586569,0.34,0.05656233366366962,0.004584275590551181
327,1528484348.369224,0.2613264975008559,0.34,0.0562354857925368,0.00471628346456693
328,1528484348.37342,0.2611924890070092,0.34,0.05589237838519613,0.004854858267716536
329,1528484348.37718,0.261072399913512,0.34,0.0555849093857547,0.00497903937007874
330,1528484348.381178,0.2609447191120561,0.34,0.055258003027081566,0.005111070866141733
331,1528484348.385176,0.2608170306960486,0.34,0.05493107717256167,0.0052431102362204725
332,1528484348.389181,0.26068912145804435,0.34,0.054603585938485376,0.005375377952755906
333,1528484348.393186,0.26056120460548843,0.34,0.05427607520856231,0.005507653543307087
334,1528484348.397184,0.2601201635277906,0.33966560920992195,0.05394919618095429,0.005579542486076022
335,1528484348.401175,0.2588667781350482,0.3384641278135048,0.053622933907757235,0.005495258566117363
336,1528484348.405176,0.2576103229214516,0.3372597037207166,0.053295872545360584,0.005410768216008268
337,1528484348.409188,0.25635034864492423,0.33605190629306386,0.052967895153881485,0.005326041226458429
338,1528484348.413185,0.25509516628387696,0.33484870234267344,0.05264116512115296,0.005241636469338539
339,1528484348.417191,0.253837063849334,0.3336426992420763,0.052313674979185806,0.005157035351831649
340,1528484348.421195,0.2525796352779054,0.3324373420992191,0.05198636024704295,0.005072479548260221
341,1528484348.425181,0.2513278971061093,0.3312374397106109,0.0516605267534164,0.004988306395699357
342,1528484348.429196,0.2500670243454295,0.33002878100597155,0.05133231548217156,0.0049035189875689025
343,1528484348.433194,0.24881146761598533,0.32882521819016997,0.051005487999540654,0.004819089056040423
344,1528484348.437192,0.24755591088654116,0.32762165537436844,0.05067866051690974,0.004734659124511943
345,1528484348.44119,0.24630035415709695,0.32641809255856685,0.05035183303427882,0.004650229192983463
346,1528484348.445195,0.24504262609095084,0.3252124483233808,0.05002444034221405,0.004565653249885163
347,1528484348.449194,0.24378676986678918,0.32400859841525037,0.04969753489966123,0.004481203178829812
348,1528484348.453198,0.24252934129536063,0.32280324127239324,0.049370220167518374,0.004396647375258383
349,1528484348.457198,0.24127318557648136,0.32159910427193383,0.04904323676504364,0.004312177164676159
350,1528484348.461248,0.24000130638493342,0.32037989492420765,0.04871216046666858,0.004226649628933165
351,1528484348.465263,0.2406248588886351,0.32,0.04852992513132236,0.0042113195938230175
352,1528484348.469198,0.24208262029479455,0.32,0.04841689744382565,0.004227499544983398
353,1528484348.473197,0.2435640521073066,0.32,0.048302034468825215,0.004243942218162014
354,1528484348.477202,0.24504769198011278,0.32,0.04818700029163226,0.004260409398991584
355,1528484348.481204,0.2465302719839778,0.32,0.04807204829149172,0.004276864816148697
356,1528484348.485206,0.24801276366543104,0.32,0.04795710313943887,0.004293319252999772
357,1528484348.489208,0.24949534366929604,0.32,0.04784215113929832,0.004309774670156884
358,1528484348.493223,0.25098269308339627,0.32,0.04772682934242195,0.004326283023840059
359,1528484348.497273,0.25248302589202576,0.32,0.04761050087665361,0.004342935482510848
360,1528484348.501271,0.2539641044148908,0.32,0.04749566529400397,0.004359374234465312
361,1528484348.505269,0.25544518293775587,0.32,0.047380829711354336,0.004375812986419775
362,1528484348.509263,0.2569247599796209,0.32,0.0472661105461956,0.004392235073171589
363,1528484348.513206,0.2583854360253685,0.32,0.04715285687180478,0.004408447374431229
364,1528484348.51724,0.25987985123240986,0.32,0.04703698722791237,0.00442503415259746
365,1528484348.521277,0.26137532630839233,0.32,0.04692103540696755,0.004441632694436148
366,1528484348.525256,0.26284933903831625,0.32,0.046806747671333956,0.004457993021907556
367,1528484348.529258,0.2643319190421813,0.32,0.04669179567119341,0.004474448439064669
368,1528484348.533276,0.26618143314813686,0.32,0.04670681617486182,0.00465584164087187
369,1528484348.537247,0.26814488598042346,0.32,0.046770675584552536,0.004897061749694229
370,1528484348.541222,0.27011046082717904,0.32,0.04683460401071725,0.005138542558724261
371,1528484348.545223,0.27208876776074864,0.32,0.04689894653572594,0.005381587569000334
372,1528484348.549223,0.2740666031355473,0.32,0.04696327372374042,0.005624574645896924
373,1528484348.553226,0.2760459710763514,0.32,0.04702765075698612,0.005867750006276834
374,1528484348.557263,0.27804207935352204,0.32,0.047092572253526685,0.0061129820016283904
375,1528484348.561292,0.28003429727083284,0.32,0.047157367219864924,0.006357736046599212
376,1528484348.565292,0.2820121326456315,0.32,0.0472216944078794,0.0066007231234958014
377,1528484348.569263,0.2839757033676108,0.32,0.04728555765181867,0.0068419577156630315
378,1528484348.573237,0.28594068876590284,0.32,0.0473494669067406,0.007083366107968709
379,1528484348.577237,0.2879185241407015,0.32,0.04741379409475508,0.007326353184865299
380,1528484348.581233,0.2898944732804166,0.32,0.04747805993479267,0.007569108528243957
381,1528484348.585233,0.29187230865521535,0.32,0.047542387122807145,0.007812095605140547
382,1528484348.589241,0.29385415227956657,0.32,0.04760684467527251,0.008055575115762742
383,1528484348.593241,0.29583198765436525,0.32,0.04767117186328698,0.008298562192659334
384,1528484348.597525,0.29761453811053873,0.319792780340699,0.047743577903031825,0.008555480690732198
385,1528484348.601241,0.2976390479958355,0.3186736074960958,0.04782231171264966,0.008763311087975014
386,1528484348.605241,0.29766542910481253,0.3174689906478307,0.04790705650792511,0.00898700843669784
387,1528484348.609244,0.29769183065572885,0.31626344037767684,0.04799186696943043,0.009210879121865408
388,1528484348.613246,0.2977182243443609,0.31505824911594177,0.0480766521746935,0.009434683139169614
389,1528484348.617244,0.2977445928736829,0.31385420668114666,0.048161356559981335,0.009658273819311064
390,1528484348.621275,0.2977711784020535,0.31264025561399417,0.04824675801755551,0.009883704532481287
391,1528484348.625489,0.2977989715773035,0.311371160853722,0.04833603883394066,0.010119375429463822
392,1528484348.629255,0.297823810106087,0.3102369814572152,0.048415828354484915,0.010329992543395143
393,1528484348.633252,0.29785017077312465,0.30903329803083884,0.04850050748353049,0.010553516555673232
394,1528484348.63725,0.2978765393024467,0.30782925559604374,0.048585211868818326,0.010777107235814681
395,1528484348.641254,0.2979029471431905,0.3066234181191549,0.048670042535317454,0.011001031255272936
396,1528484348.645259,0.29792936127376185,0.30541729343553103,0.04875489340681039,0.011225008609021881
397,1528484348.649258,0.29795573609291137,0.304212963794001,0.04883961799709203,0.011448652623454021
398,1528484348.653261,0.29798213764382775,0.30300741352384714,0.048924428458597354,0.011672523308621587
399,1528484348.657263,0.29800853290491663,0.3018021504604283,0.04900921871510887,0.011896340659498466
400,1528484348.661301,0.2980351640345366,0.30058611714444705,0.04909476665888815,0.012122158046276185
401,1528484348.66533,0.2999128705640582,0.3,0.04939474295603266,0.012283724979719864
402,1528484348.669318,0.30348357682836696,0.3,0.04989016344888504,0.012384678589584123
403,1528484348.673322,0.3070685855569376,0.3,0.05038756834856597,0.012486036569141745
404,1528484348.677332,0.3106589310259045,0.3,0.05088571369855605,0.01258754543291331
405,1528484348.681327,0.3142360413786887,0.3,0.05138202273177942,0.012688680103834298
406,1528484348.685294,0.3177877488471869,0.3,0.05187480722153119,0.012789096565896923
407,1528484348.689332,0.321403283730824,0.3,0.05237644749698051,0.012891317603158294
408,1528484348.693335,0.32498743858093126,0.3,0.05287373392461197,0.012992651441241686
409,1528484348.697333,0.3285671105691057,0.3,0.05337039837398374,0.013093858536585366
410,1528484348.701333,0.3321484903142069,0.3,0.053867299767454434,0.013195113914877508
411,1528484348.705334,0.33573072393777154,0.3,0.0543643196329746,0.013296393434643882
412,1528484348.709335,0.339313171030952,0.3,0.05486136911650713,0.013397678989778812
413,1528484348.713336,0.3428954046545166,0.3,0.055358388982027294,0.013498958509545186
414,1528484348.71734,0.34648041338308727,0.3,0.05585579388170822,0.013600316489102808
415,1528484348.721358,0.35007801681899303,0.3,0.056354946244118756,0.013702030555405333
416,1528484348.725345,0.3536476557352225,0.3,0.056850218646909305,0.013802953988426804
417,1528484348.729345,0.35722924894993957,0.3,0.05734714965839237,0.013904215402087503
418,1528484348.733345,0.3566531764502836,0.3,0.05749542478310689,0.013646480823019494
419,1528484348.737344,0.35604478260157857,0.3,0.05764094270748077,0.013386004932138613
420,1528484348.741345,0.35543609857515995,0.3,0.05778653003764937,0.013125404805454533
421,1528484348.745352,0.35482647147117224,0.3,0.057932342936650845,0.012864400912410059
422,1528484348.74935,0.35421822271132397,0.3,0.05807782615812735,0.012603987139430776
423,1528484348.753347,0.3536101553125467,0.3,0.058223266000982155,0.012343651013828493
424,1528484348.757354,0.353000528208559,0.3,0.058369078899983634,0.012082647120784018
425,1528484348.761364,0.35239046583800093,0.3,0.0585149959076772,0.011821456874034745
426,1528484348.765353,0.3517835954222921,0.3,0.05866014945162874,0.011561633221120655
427,1528484348.769356,0.3511745849459457,0.3,0.058805814863316416,0.011300893329157978
428,1528484348.773358,0.35056571955845617,0.3,0.05895144557210673,0.011040215555096898
429,1528484348.777358,0.3499571806208943,0.3,0.05909699819937797,0.010779677546314419
430,1528484348.781365,0.34934758978912084,0.3,0.0592428024226551,0.010518689182745343
431,1528484348.785366,0.348738869490488,0.3,0.059388398428548046,0.010258073526585863
432,1528484348.789363,0.3481308020917107,0.3,0.05953383827140285,0.00999773740098358
433,1528484348.793365,0.34752193670422116,0.3,0.05967946898019316,0.009737059626922501
434,1528484348.797367,0.34708404119780856,0.3,0.05983851790411978,0.009453295689412736
435,1528484348.801363,0.3471647646958311,0.3,0.06003796997646958,0.009100033433838946
436,1528484348.805366,0.3472456326869885,0.3,0.0602377790632687,0.008746138847258758
437,1528484348.809372,0.34732655847539984,0.3,0.06043773095584754,0.008391991328276014
438,1528484348.81337,0.3474073253213628,0.3,0.06063729013253214,0.008038539373400305
439,1528484348.817373,0.34748819331252023,0.3,0.06083709921933125,0.007684644786820119
440,1528484348.82137,0.3475689360762941,0.3,0.06103659889360764,0.007331298220445476
441,1528484348.825377,0.3476498859468946,0.3,0.061236610288594694,0.006977045312961664
442,1528484348.829376,0.34773067205860886,0.3,0.06143621706720587,0.0066235090472851026
443,1528484348.833377,0.3478114967018258,0.3,0.06163591904967019,0.0062698041600068345
444,1528484348.837376,0.3478922876299779,0.3,0.061835537728763004,0.00591624681663006
445,1528484348.841382,0.3479732134183893,0.3,0.062035489621341845,0.005562099297647314
446,1528484348.84538,0.3480539802643523,0.3,0.06223504879802644,0.005208647342771606
447,1528484348.849388,0.3481349445842663,0.3,0.062435095894458434,0.004854331202187154
448,1528484348.853384,0.3482156728987266,0.3,0.06263455986728989,0.004501047868913151
449,1528484348.85738,0.34829639639674914,0.3,0.06283401193963968,0.004147785613339361
450,1528484348.86139,0.34837740888104146,0.3,0.06303417804088811,0.003793258695752778
451,1528484348.86539,0.34828969665621845,0.2993897251017184,0.06329942891834356,0.0035215321451622685
452,1528484348.869386,0.34804035646201736,0.2981944221573221,0.06362736028113869,0.0033286700150839247
453,1528484348.873384,0.34779088237391725,0.2969984773438029,0.06395546774072768,0.0031357043194226034
454,1528484348.877633,0.3475257426996302,0.2957274338429061,0.06430417852519872,0.0029306214505528993
455,1528484348.881331,0.34729499888029497,0.2946212793877995,0.06460765199995722,0.0027521434292214486
456,1528484348.885339,0.3470448999539994,0.2934223391850402,0.06493658124458423,0.002558694427506232
457,1528484348.88939,0.3467921231497231,0.2922105615998231,0.06526903242508852,0.002363174114131462
458,1528484348.893399,0.34654196471502796,0.2910113361218981,0.06559803993495726,0.002169679083268255
459,1528484348.897398,0.34629243111852825,0.28981510603321314,0.06592622565978798,0.0019766673584589436
460,1528484348.901393,0.3460431504327268,0.2886200883639826,0.06625407875734138,0.0017838512575285902
461,1528484348.9054,0.34579311101483073,0.287421433436389,0.06658292973672668,0.001590448284961363
462,1528484348.909409,0.34554295258013557,0.2862222079584639,0.06691193724659542,0.0013969532540981564
463,1528484348.913403,0.3452937314027337,0.2850274755643991,0.06723971207890711,0.0012041831823157928
464,1528484348.917404,0.3450440787894348,0.2838306749253827,0.06756805433422125,0.0010110793992105013
465,1528484348.921405,0.3447944112990362,0.28263380296757495,0.06789641615584582,0.0008179641088182123
466,1528484348.925434,0.34454300318795,0.2814285867111696,0.06822706723579063,0.0006235024658472138
467,1528484348.92941,0.34429491267013995,0.2802392745452536,0.06855335502850969,0.00043160694787666145
468,1528484348.933407,0.3463250339128121,0.28,0.06911625788122244,0.00032625527033150405
469,1528484348.937404,0.34892530896981294,0.28,0.06973788585443744,0.00024281689239245364
470,1528484348.941411,0.35153225378507263,0.28,0.0703611083160113,0.00015916449332172944
471,1528484348.945414,0.35413656171916025,0.28,0.07098370039846655,7.559670725655067e-05
472,1528484348.949414,0.35673885321470444,0.28,0.07160581042630167,-7.906374745563914e-06
473,1528484348.953416,0.35934254070616334,0.28,0.07222825418425842,-9.145425186826136e-05
474,1528484348.957422,0.3619487099681371,0.28,0.07285129124020916,-0.00017508176476088396
475,1528484348.961444,0.3645652716441421,0.28,0.07347681273150979,-0.00025904275244006806
476,1528484348.965446,0.36716895913560094,0.28,0.07409925648946653,-0.00034259062956276556
477,1528484348.969417,0.36975248224162616,0.28,0.07471687970122201,-0.0004254914660548213
478,1528484348.973418,0.37235539417979907,0.28,0.07533913805355563,-0.0005090144569994172
479,1528484348.977424,0.37496156344177284,0.28,0.07596217510950638,-0.0005926419698920399
480,1528484348.981441,0.3775750229046342,0.28,0.0765869549783145,-0.0006765034128588175
481,1528484348.985438,0.3801754530722922,0.28,0.07720862003265412,-0.0007599467680334883
482,1528484348.989427,0.38277060947760605,0.28,0.07782902432875648,-0.000843220897197068
483,1528484348.99343,0.3853747623010365,0.28,0.0784515793300871,-0.0009267837060266264
484,1528484348.997433,0.3875031850528073,0.28,0.07904805067634113,-0.0009847618892426483
485,1528484349.001439,0.3880528482324164,0.28,0.07955823727988023,-0.0009578022763167789
486,1528484349.005431,0.38860054867972915,0.28,0.08006660211372273,-0.0009309389305322269
487,1528484349.009432,0.3891495249030345,0.28,0.08057615109786802,-0.0009040130111058186
488,1528484349.01344,0.3896994170680782,0.28,0.08108655024120506,-0.0008770421670134623
489,1528484349.017439,0.39024809888153916,0.28,0.08159582595989585,-0.0008501306876582516
490,1528484349.021435,0.3907963881485408,0.28,0.08210473732464732,-0.0008232384617313043
491,1528484349.025441,0.391346018615945,0.28,0.08261489356535816,-0.0007962804532577904
492,1528484349.029444,0.3918952565368899,0.28,0.08312468545212966,-0.0007693416982125398
493,1528484349.033442,0.3924438075015311,0.28,0.08363383971950734,-0.0007424366366667502
494,1528484349.037443,0.3929927510126315,0.28,0.08414335834082436,-0.0007155123216926972
495,1528484349.041443,0.3935415963871171,0.28,0.08465278587365654,-0.00068859282007571
496,1528484349.045445,0.3940906707470373,0.28,0.08516242594628666,-0.0006616620872922359
497,1528484349.04945,0.39464017036562177,0.28,0.08567246073568438,-0.000634710496628143
498,1528484349.053447,0.39518859048144317,0.28,0.08618149355174896,-0.0006078118528917747
499,1528484349.057448,0.39573753399254363,0.28,0.08669101217306598,-0.0005808875379177216
500,1528484349.061446,0.39628608495718476,0.28,0.08720016644044366,-0.0005539824763719321
501,1528484349.065455,0.39425118283604976,0.28,0.08736450655447267,-0.0006313539306990355
502,1528484349.06945,0.3904549200076496,0.28,0.08729140964642292,-0.0007798452509390594
503,1528484349.07345,0.3866536728284363,0.28,0.0872182167648725,-0.0009285315347172357
504,1528484349.077457,0.38284608193000624,0.28,0.08714490173523033,-0.0010774659539076058
505,1528484349.08146,0.3790421160139858,0.28,0.08707165650449775,-0.0012262585814338653
506,1528484349.085457,0.37524381413298025,0.28,0.08699852033456136,-0.0013748296594849516
507,1528484349.089455,0.3714448325677729,0.28,0.08692537107732942,-0.0015234273234730586
508,1528484349.09346,0.367638827599147,0.28,0.08685208658471019,-0.00167229970881038
509,1528484349.097749,0.36356321456381097,0.28,0.08677361079819151,-0.001831717849165942
510,1528484349.101457,0.3600395051003287,0.28,0.08670576189565525,-0.001969548208660636
511,1528484349.105459,0.35623667199131126,0.28,0.0866325384770819,-0.0021182965262918608
512,1528484349.109472,0.3524231904964657,0.28,0.08655911002421167,-0.0022674613569364107
513,1528484349.11347,0.34862398236985775,0.28,0.0864859564045479,-0.0024160678829035246
514,1528484349.117467,0.3448259070502528,0.28,0.08641282459704336,-0.0025646300989756042
515,1528484349.12147,0.3410219411342323,0.28,0.08633957936631077,-0.0027134227265018635
516,1528484349.125478,0.3372132174287993,0.28,0.08626624252450936,-0.0028624014555872685
517,1528484349.129712,0.33356266038200866,0.28,0.08620700862600122,-0.003034097597042514
518,1528484349.133476,0.33249668701346713,0.28,0.08626092426722999,-0.0032703815051491948
519,1528484349.137477,0.33136359655312037,0.28,0.08631823460962944,-0.0035215426036440452
520,1528484349.141482,0.3302292906927207,0.28,0.08637560642549072,-0.0037729731080010562
521,1528484349.145479,0.3290973481102016,0.28,0.08643285870962063,-0.00402387976762609
522,1528484349.14948,0.3279641901276296,0.28,0.0864901724672124,-0.004275055833113282
523,1528484349.153476,0.3268325176340111,0.28,0.08654741109057301,-0.004525902624768947
524,1528484349.157484,0.3256974015069096,0.28,0.08660482388874219,-0.004777512733034064
525,1528484349.161485,0.3245643110465628,0.28,0.08666213423114164,-0.005028673831528914
526,1528484349.165491,0.3234297350972626,0.28,0.08671951970777221,-0.005280164203855294
527,1528484349.169483,0.3222992104814717,0.28,0.08677670027286331,-0.005530756556641141
528,1528484349.173506,0.3211598404541854,0.28,0.08683432822814893,-0.005783309585423819
529,1528484349.177492,0.32003100389402345,0.28,0.08689142341343192,-0.00603352776340111
530,1528484349.181501,0.3188956176780213,0.28,0.08694884987237039,-0.006285197739635596
531,1528484349.18549,0.31776590332893234,0.28,0.0870059894551536,-0.0065356104885133355
532,1528484349.189488,0.3166336231352874,0.28,0.08706325881524514,-0.00678659198310008
533,1528484349.193492,0.31549965488601356,0.28,0.0871206135551448,-0.00703794765249538
534,1528484349.197499,0.3144278705793424,0.28,0.08717393954610084,-0.00727386180731782
535,1528484349.201495,0.3136966962367043,0.28,0.08720531006245164,-0.0074254055324586505
536,1528484349.205507,0.31296255531558775,0.28,0.08723680785774707,-0.007577564112808884
537,1528484349.209496,0.31223264613141843,0.28,0.0872681240933715,-0.007728845620286882
538,1528484349.213508,0.31149854883645595,0.28,0.08729962001691774,-0.007880995158648742
539,1528484349.217475,0.31077265325846337,0.28,0.08733076405161709,-0.008031444803196373
540,1528484349.221483,0.3100392539819664,0.28,0.08736223002717637,-0.008183449669744254
541,1528484349.225504,0.30930349889314834,0.28,0.08739379707719167,-0.00833594280366431
542,1528484349.229507,0.3085710157658874,0.28,0.08742522374601804,-0.008487757788456347
543,1528484349.233502,0.3078400159278657,0.28,0.0874565867753721,-0.008639265345643684
544,1528484349.237502,0.30710805631445387,0.28,0.08748799098320825,-0.008790971826575239
545,1528484349.241508,0.3063750496733438,0.28,0.08751944011302486,-0.00894289531522776
546,1528484349.245513,0.30564221753685006,0.28,0.08755088175584472,-0.009094782635926786
547,1528484349.249516,0.30490973440958913,0.28,0.0875823084246711,-0.009246597620718824
548,1528484349.253511,0.3041787345715674,0.28,0.08761367145402517,-0.00939810517790616
549,1528484349.257515,0.3034460769396901,0.28,0.08764510560984828,-0.009549956330651692
550,1528484349.261521,0.30271302667242594,0.28,0.08767655661141407,-0.009701888861292586
551,1528484349.265516,0.3030574277618465,0.28,0.08783302322818679,-0.009719990201954585
552,1528484349.269518,0.30411093686182605,0.28,0.08807218328805178,-0.009650230164341574
553,1528484349.273521,0.3051647597863811,0.28,0.0883114145901151,-0.009580449346258619
554,1528484349.277518,0.30621701358805864,0.28,0.08855028968118668,-0.009510772430525397
555,1528484349.28153,0.3072731588144724,0.28,0.0887900481755178,-0.009440837836964831
556,1528484349.285523,0.3083243456125932,0.28,0.089028681043115,-0.009371231574829431
557,1528484349.289518,0.3093760972949499,0.28,0.08926744214666921,-0.009301587907848127
558,1528484349.293528,0.3104317404020429,0.28,0.08950708665348298,-0.009231686563039476
559,1528484349.297527,0.3114844963230412,0.28,0.08974607573207191,-0.00916197639855434
560,1528484349.301527,0.31253750330369995,0.28,0.08998512180441953,-0.009092249609693246
561,1528484349.305524,0.31358975710537745,0.28,0.09022399689549111,-0.009022572693960026
562,1528484349.309536,0.3146459023317913,0.28,0.09046375538982224,-0.008952638100399458
563,1528484349.313535,0.3156986582527896,0.28,0.09070274446841117,-0.008882927935914324
564,1528484349.317534,0.31675141417378794,0.28,0.09094173354700011,-0.008813217771429188
565,1528484349.321533,0.31780417009478623,0.28,0.09118072262558906,-0.008743507606944052
566,1528484349.325536,0.3188579930193413,0.28,0.09141995392765238,-0.008673726788861094
567,1528484349.329538,0.3199089671007269,0.28,0.09165879796089868,-0.008603882480535525
568,1528484349.333536,0.3161214498771799,0.28,0.09128237666633149,-0.008384930660499326
569,1528484349.337536,0.3123316738766628,0.28,0.09090573088387394,-0.008165848263280375
570,1528484349.341542,0.30853647681141727,0.28,0.0905285463304795,-0.007946452480822824
571,1528484349.34556,0.304729759983624,0.28,0.0901502168888442,-0.007726390754733243
572,1528484349.349546,0.30095353664492774,0.28,0.08977491803372885,-0.007508091820610797
573,1528484349.353545,0.2971648900328957,0.28,0.08939838449521648,-0.007289074711983222
574,1528484349.357545,0.2933753399100756,0.28,0.08902176116154796,-0.007070005372482547
575,1528484349.361553,0.28957810994555694,0.28,0.0886443745690522,-0.00685049207056052
576,1528484349.365545,0.2857960137867383,0.28,0.08826849204542189,-0.0066318536357629215
577,1528484349.369545,0.2820064636639182,0.28,0.08789186871175339,-0.006412784296262247
578,1528484349.373551,0.2782112665986727,0.28,0.08751468415835895,-0.006193388513804694
579,1528484349.377555,0.2744178765550033,0.28,0.08713767919527682,-0.005974097193093344
580,1528484349.381798,0.27039793118122796,0.28,0.08673815809679088,-0.005741708980952108
581,1528484349.385506,0.26688508123725113,0.28,0.08638903452969231,-0.00553863534633838
582,1528484349.389515,0.26308694776194447,0.28,0.0860115581420404,-0.005319069813543253
583,1528484349.393564,0.25925086683353926,0.28,0.08563031035783032,-0.005097310584077915
584,1528484349.397562,0.2553536812457781,0.28,0.08513267161801827,-0.004890618053827284
585,1528484349.401556,0.2513027549756462,0.28,0.08446091207025277,-0.004701817826287908
586,1528484349.405556,0.24724578326874536,0.28,0.08378815001599886,-0.004512735841006862
587,1528484349.409509,0.24323644960358376,0.28,0.08312328771287375,-0.0043258741067301884
588,1528484349.413502,0.2391864906033349,0.28,0.0824516885661464,-0.004137118960429481
589,1528484349.417556,0.23507462633057208,0.28,0.08176982375297756,-0.003945478614854055
590,1528484349.421571,0.2310024201230135,0.28,0.08109453538237281,-0.0037556866000639953
591,1528484349.425573,0.22694327205887582,0.28,0.08042141242578306,-0.0035665031819959473
592,1528484349.429571,0.2228884767092118,0.28,0.07974901127386497,-0.003377522629501902
593,1528484349.433564,0.21883851770896295,0.28,0.07907741212713762,-0.0031887674832011947
594,1528484349.43757,0.2147752587478224,0.28,0.07840360746613574,-0.0029993924698688093
595,1528484349.441574,0.21071417614391869,0.28,0.07773016370746968,-0.002810118889323426
596,1528484349.445579,0.20665212627013194,0.28,0.0770565595477655,-0.002620800227539375
597,1528484349.449581,0.20259322002346503,0.28,0.07638347669143528,-0.0024316280797809934
598,1528484349.453582,0.1985350392292104,0.28,0.07571051413588367,-0.0022424897429516124
599,1528484349.457585,0.19447492389518972,0.28,0.07503723077825578,-0.002053261243644896
600,1528484349.461583,0.19042012854552567,0.28,0.07436482962633768,-0.0018642806911508517
601,1528484349.46558,0.1873844887257361,0.28,0.07366251575622405,-0.001691493389108837
602,1528484349.46958,0.1848973627933283,0.28,0.07294345969615156,-0.001527320161350564
603,1528484349.473582,0.18240890264542364,0.28,0.07222401789938356,-0.0013630588630761187
604,1528484349.477586,0.17991925652818835,0.28,0.07150423322555287,-0.0011987192798984091
605,1528484349.481588,0.17743094462644998,0.28,0.07078483428841768,-0.0010344677672368715
606,1528484349.485587,0.1749444116787075,0.28,0.07006594966687654,-0.0008703336819302309
607,1528484349.489591,0.17245476556147227,0.28,0.06934616499304584,-0.0007059940987525213
608,1528484349.493593,0.16996630541356755,0.28,0.06862672319627784,-0.0005417328004780758
609,1528484349.497592,0.16747977246582507,0.28,0.06790783857473669,-0.00037759871517143513
610,1528484349.501588,0.16499501847207848,0.28,0.06718946826878955,-0.0002135820572196907
611,1528484349.505588,0.1625078925396707,0.28,0.06647041220871705,-4.940882946141787e-05
612,1528484349.509598,0.16001454026827736,0.28,0.06574955604406549,0.00011517539403899297
613,1528484349.513599,0.1575268213512043,0.28,0.06503032854546166,0.00027938776424889797
614,1528484349.517598,0.15504028840346182,0.28,0.0643114439239205,0.00044352184955553887
615,1528484349.521601,0.15255123527089184,0.28,0.06359183068862115,0.0006078222902816165
616,1528484349.525612,0.15005714176866686,0.28,0.06287076022580541,0.0007724554418465676
617,1528484349.529599,0.14757816937540688,0.28,0.062154061445538845,0.0009360904608948979
618,1528484349.533599,0.1455016495380028,0.28,0.061350058289069045,0.0009937770585578805
619,1528484349.537601,0.14347118885256951,0.28,0.060535864551299966,0.001039260725575794
620,1528484349.541608,0.1414381879744522,0.28,0.059720652222532845,0.001084801294595815
621,1528484349.545612,0.13940675959656784,0.28,0.058906070450097846,0.0011303066385669124
622,1528484349.549623,0.13737182333354842,0.28,0.05809008205199888,0.0011758905614933013
623,1528484349.553609,0.13534958803394911,0.28,0.05727918660889013,0.0012211899744091525
624,1528484349.55763,0.13330945042400524,0.28,0.056461112524461836,0.0012668904109589042
625,1528484349.561612,0.13128927147086447,0.28,0.05565104165501817,0.0013121437603492397
626,1528484349.565607,0.12926231867056626,0.28,0.05483825454291305,0.0013575488484118621
627,1528484349.569614,0.12722943875400533,0.28,0.054023090718479175,0.0014030867078127353
628,1528484349.573617,0.1251984942223465,0.28,0.05320870296337713,0.0014485812133072408
629,1528484349.577618,0.12316863834469513,0.28,0.05239475174727425,0.0014940513322294145
630,1528484349.581623,0.12113660515902888,0.28,0.05157992745317305,0.0015395702242962518
631,1528484349.58562,0.11910880562783599,0.28,0.05076680081073525,0.0015849942796929098
632,1528484349.58962,0.11707931263485377,0.28,0.0499529951076321,0.0016304562697576396
633,1528484349.593624,0.11504788425696941,0.28,0.04913841333519709,0.001675961613728737
634,1528484349.597906,0.1125933788286465,0.28,0.04817913584462207,0.0016610024470375799
635,1528484349.60162,0.10994736547921455,0.28,0.04718551351961392,0.001531358284995683
636,1528484349.605624,0.10709462437435738,0.28,0.046114261460412094,0.0013915852826632941
637,1528484349.609621,0.10424680940335998,0.28,0.04504485924697166,0.0012520536413567266
638,1528484349.613634,0.10138761336447966,0.28,0.04397118325194455,0.0011119643728525722
639,1528484349.617627,0.09854285599380899,0.28,0.04290292921863188,0.0009725825418378937
640,1528484349.621632,0.09568926555552773,0.28,0.041831358220505675,0.0008327679255355359
641,1528484349.625631,0.09284009165105178,0.28,0.04076144570478624,0.0006931697018770177
642,1528484349.629636,0.08998667107945532,0.28,0.0396899384944449,0.0005533634083686536
643,1528484349.633872,0.08696864969026885,0.28,0.03855662092055906,0.00040549232748026787
644,1528484349.63763,0.08429121100414533,0.28,0.03755119785534891,0.0002743084485495122
645,1528484349.641571,0.08148331470408049,0.28,0.036496785771354255,0.00013673266383149485
646,1528484349.64558,0.0786270063988421,0.28,0.035424194168670035,-3.2151171747642378e-06
647,1528484349.649581,0.07577647356088757,0.28,0.034353771350671594,-0.00014287992318523317
648,1528484349.653585,0.0729237324560304,0.28,0.03328251929146976,-0.00028265292551762173
649,1528484349.657592,0.07006878308427059,0.28,0.03221043799106455,-0.00042253412417193013
650,1528484349.661583,0.06722538464707847,0.28,0.031142694260030884,-0.0005618493728346582
651,1528484349.665583,0.06728943324008052,0.28,0.030369937598690614,-0.0006973280061431527
652,1528484349.669589,0.06909335900671282,0.28,0.029773555948114875,-0.0008305370716196436
653,1528484349.673605,0.07090168642521871,0.28,0.02917571910217678,-0.0009640711726067301
654,1528484349.677593,0.07269745303228045,0.28,0.028582034886906863,-0.0010966777332343121
655,1528484349.681589,0.0744967624323136,0.28,0.027987179416833104,-0.0012295459078094468
656,1528484349.685593,0.07629972198268098,0.28,0.027391117199385685,-0.0013626836240275145
657,1528484349.689656,0.0781293061590154,0.28,0.026786252824624525,-0.0014977874086999155
658,1528484349.69366,0.07993226570938278,0.28,0.026190190607177106,-0.0016309251249179832
659,1528484349.697661,0.08173382961403411,0.28,0.02559458979313726,-0.0017639597810961058
660,1528484349.701654,0.08353185072571404,0.28,0.025000160233901263,-0.0018967328233266759
661,1528484349.705659,0.08533523970553247,0.28,0.02440395604617459,-0.002029902250326265
662,1528484349.709664,0.08713873604271369,0.28,0.023807716365878105,-0.0021630796050212345
663,1528484349.713666,0.08894072937681613,0.28,0.023211973581559006,-0.0022961459719808785
664,1528484349.717665,0.0907414344225653,0.28,0.02261665670807767,-0.002429117206595958
665,1528484349.721664,0.09254213946831447,0.28,0.02202133983459633,-0.0025620884412110374
666,1528484349.725675,0.09434831973956495,0.28,0.02142421284005451,-0.002695463988290516
667,1528484349.729692,0.09649974708505976,0.28,0.020888129945678978,-0.002814441202622096
668,1528484349.733666,0.10111392335300029,0.28,0.020806767895519326,-0.002826321501981691
669,1528484349.737688,0.1057840189637608,0.28,0.02072441981619407,-0.0028383457790513078
670,1528484349.74167,0.1104073305698848,0.28,0.020642896682061825,-0.002850249599521946
671,1528484349.745674,0.11505638721998038,0.28,0.020560919584006795,-0.0028622197067600694
672,1528484349.749673,0.1196996304730501,0.28,0.020479044993934332,-0.002874174846018438
673,1528484349.753677,0.12434868712314567,0.28,0.020397067895879306,-0.0028861449532565616
674,1528484349.757677,0.12899331451836443,0.28,0.020315168899144326,-0.0028981036563196336
675,1528484349.761677,0.13363766508515337,0.28,0.02023327478374185,-0.002910061646621765
676,1528484349.765681,0.13828672173524895,0.28,0.020151297685686825,-0.0029220317538598884
677,1528484349.769678,0.14292775036088026,0.28,0.020069462146274385,-0.002933981191030731
678,1528484349.773682,0.14757680701097584,0.28,0.01998748504821936,-0.0029459512982688545
679,1528484349.777687,0.15222697097479063,0.28,0.01990548842483432,-0.002957924256550741
680,1528484349.781684,0.15686772277199212,0.28,0.019823657766754384,-0.002969872980960643
681,1528484349.785687,0.1615156721083685,0.28,0.019741700194029366,-0.002981840237155004
682,1528484349.789689,0.16616251413102567,0.28,0.019659762146634365,-0.0029938046423056016
683,1528484349.793691,0.17080907932525302,0.28,0.019577828980571865,-0.0030057683346952583
684,1528484349.797689,0.17555721817665082,0.28,0.01968750282628604,-0.002913204103114704
685,1528484349.801694,0.1803962289870633,0.28,0.01994671976084462,-0.002738978259877966
686,1528484349.805696,0.1852317829496532,0.28,0.02020575151840507,-0.0025648768784889983
687,1528484349.809696,0.19006474427637607,0.28,0.020464644393216914,-0.002390868843485858
688,1528484349.813696,0.19489770560309894,0.28,0.02072353726802876,-0.0022168608084827176
689,1528484349.8177,0.19973556413090393,0.28,0.020982692476921295,-0.0020426764525285695
690,1528484349.821701,0.20456996581088624,0.28,0.021241662508815696,-0.0018686165584221918
691,1528484349.825705,0.2094078243386912,0.28,0.021500817717708235,-0.001694432202468044
692,1528484349.829701,0.214235888464332,0.28,0.021759448258439385,-0.0015206004884159112
693,1528484349.833695,0.21906164802475767,0.28,0.022017955347838444,-0.0013468517489289584
694,1528484349.837705,0.22390670831885984,0.28,0.022277496342143766,-0.001172408097458623
695,1528484349.841702,0.22873621279776007,0.28,0.022536204039957472,-0.000998524524303253
696,1528484349.845705,0.23357291904295746,0.28,0.022795297523183967,-0.0008243816556316951
697,1528484349.849712,0.2384142344185851,0.28,0.02305463790907464,-0.0006500728378297771
698,1528484349.853731,0.243270241397459,0.28,0.0233147652972074,-0.00047523505717483655
699,1528484349.857714,0.24808274970789784,0.28,0.02357256254144693,-0.00030196342143766876
700,1528484349.861713,0.2529145587520132,0.28,0.023831393690592728,-0.00012799687371711863
701,1528484349.865724,0.2553737770885845,0.28,0.02394417531883159,8.738188082851398e-05
702,1528484349.869712,0.2561118044093235,0.28,0.023951312101796643,0.00033075217723343465
703,1528484349.873714,0.2568523908013008,0.28,0.023958473631184366,0.0005749663474466584
704,1528484349.877718,0.25759337429053925,0.28,0.023965639000534226,0.0008193114635956532
705,1528484349.881722,0.25833435777977765,0.28,0.023972804369884086,0.0010636565797446482
706,1528484349.885957,0.25911809540746267,0.28,0.02398038317515749,0.0013221002083116718
707,1528484349.889719,0.259814295150031,0.28,0.023987115482110653,0.001551677532815363
708,1528484349.893726,0.2605558522242022,0.28,0.023994286398072488,0.0017962117930938053
709,1528484349.897722,0.261295335568232,0.28,0.024001437260898716,0.0020400622245965536
710,1528484349.901657,0.26202356782319686,0.28,0.024008479324797695,0.002280202521252452
711,1528484349.905662,0.26276472780010685,0.28,0.024015646400797393,0.002524605835595123
712,1528484349.909668,0.26350606426468853,0.28,0.02402281518344693,0.00276906734813147
713,1528484349.91368,0.2642485478991356,0.28,0.024029995059320425,0.0030139071489267114
714,1528484349.917669,0.2649867517075462,0.28,0.024037133548935316,0.0032573356435253082
715,1528484349.92174,0.26574013345571496,0.28,0.02404441881043638,0.0035057691827800473
716,1528484349.925731,0.2664786902394688,0.28,0.02405156071335095,0.003749314073765996
717,1528484349.929734,0.2672194972410356,0.28,0.02405872437605097,0.003993600991721314
718,1528484349.933732,0.2679293618979611,0.28,0.024106499203381683,0.004182409293162719
719,1528484349.937735,0.26863891137800616,0.28,0.024155963423736358,0.004369240654088231
720,1528484349.941738,0.2693484185978082,0.28,0.0242054246980386,0.004556060887475869
721,1528484349.945737,0.27005724965372224,0.28,0.024254838835501908,0.004742703080257502
722,1528484349.94974,0.27076679913376733,0.28,0.024304303055856583,0.004929534441183015
723,1528484349.953741,0.2714760105318684,0.28,0.02435374370779179,0.005116276781805525
724,1528484349.957742,0.2721851796697264,0.28,0.024403181413674566,0.00530300799489016
725,1528484349.961743,0.2728943910678274,0.28,0.024452622065609775,0.005489750335512671
726,1528484349.965746,0.2736038982876295,0.28,0.024502083339912016,0.0056765705689003085
727,1528484349.969744,0.27431256030257145,0.28,0.024551485693165592,0.005863168251530441
728,1528484349.973747,0.27502210978261654,0.28,0.024600949913520267,0.0060499996124559535
729,1528484349.977751,0.27573182830363363,0.28,0.024650425918084674,0.0062368754835329665
730,1528484349.981753,0.27644120874270667,0.28,0.024699878354229616,0.006423662334306978
731,1528484349.98575,0.2771496594564336,0.28,0.024749265977221026,0.0066102043792477345
732,1528484349.989756,0.2778597583196377,0.28,0.024798768496257333,0.006797180398165625
733,1528484349.993754,0.2785683780743367,0.28,0.024848167903458476,0.006983766953257883
734,1528484349.997755,0.2789183849927798,0.28,0.024863622588447657,0.007072302480144405
735,1528484350.001752,0.2786193563862816,0.28,0.024817688018050545,0.006983398812274369
736,1528484350.00576,0.2783194894151625,0.28,0.02477162466425993,0.006894245891696751
737,1528484350.009764,0.2780199256823105,0.28,0.024725607891696755,0.006805183126353791
738,1528484350.013767,0.277720433299639,0.28,0.024679602079422384,0.006716141574007221
739,1528484350.017764,0.2774213868555957,0.28,0.02463366476895307,0.006627232602888087
740,1528484350.021762,0.277122286898917,0.28,0.02458771923826715,0.006538307722021661
741,1528484350.025761,0.27682309775451264,0.28,0.024541760007220217,0.006449356324909748
742,1528484350.029768,0.276523302133574,0.28,0.02449570761371841,0.00636022461732852
743,1528484350.033764,0.27622434487725633,0.28,0.02444978400361011,0.006271342162454874
744,1528484350.037768,0.2759247811444044,0.28,0.02440376723104693,0.006182279397111914
745,1528484350.04177,0.2756253601119134,0.28,0.024357772379061372,0.006093259057761733
746,1528484350.045778,0.27532549314079424,0.28,0.02431170902527076,0.006004106137184116
747,1528484350.049773,0.27502660723465705,0.28,0.024265796375451263,0.00591524489530686
748,1528484350.053778,0.27472697215162456,0.28,0.02421976864259928,0.005826160916967509
749,1528484350.057772,0.2744281575956679,0.28,0.02417386695306859,0.005737320888086643
750,1528484350.061776,0.2741285938628159,0.28,0.024127850180505415,0.005648258122743683
751,1528484350.065775,0.2714672200024848,0.28,0.023725916834389366,0.005415520611256057
752,1528484350.069777,0.26838971218784946,0.28,0.023261272679836003,0.005157398210957883
753,1528484350.073783,0.265309270968887,0.28,0.02279618563796745,0.0048990297747723765
754,1528484350.077785,0.2622317631542517,0.28,0.02233154148341409,0.004640907374474203
755,1528484350.081784,0.25915663873063205,0.28,0.021867257174804325,0.004382984878334487
756,1528484350.085781,0.256082981009176,0.28,0.021403194309852155,0.004125185400138438
757,1528484350.089781,0.2530071232344746,0.28,0.02093879927941359,0.0038672013950268886
758,1528484350.093785,0.24992814871767569,0.28,0.020473933681202636,0.0036089559767850483
759,1528484350.098075,0.24662935221411714,0.28,0.019975879214809294,0.0033322732442361957
760,1528484350.101786,0.24377569981719116,0.28,0.019545032898496708,0.0030929264575901175
761,1528484350.1058,0.24068902511403373,0.28,0.019079004721083363,0.002834035195144028
762,1528484350.109797,0.23761536739257763,0.28,0.018614941856131197,0.002576235716947979
763,1528484350.113792,0.23454335971105553,0.28,0.018151128115293826,0.0023185746339385543
764,1528484350.117792,0.23146750193635413,0.28,0.01768673308485526,0.0020605906288270054
765,1528484350.121791,0.22839237751273453,0.28,0.017222448776245496,0.0018026681326872894
766,1528484350.125797,0.22531175295600164,0.28,0.016757334053919742,0.001544284319258825
767,1528484350.129795,0.22232708407989143,0.28,0.016292541516385498,0.0012922441341865424
768,1528484350.133797,0.2206467791457331,0.28,0.01581828766901123,0.0011247699155604914
769,1528484350.138039,0.21886556581874594,0.28,0.01531555316163379,0.0009472382639660126
770,1528484350.141808,0.2172830659439068,0.28,0.014868904080949107,0.0007895121723341617
771,1528484350.145808,0.215603561870009,0.28,0.014394876270558995,0.0006221177746046855
772,1528484350.149808,0.21392405779611123,0.28,0.01392084846016888,0.0004547233768752092
773,1528484350.153805,0.21224575501260426,0.28,0.013447159705254993,0.0002874487104905952
774,1528484350.157806,0.21056585050857618,0.28,0.012973018876372804,0.00012001440231283137
775,1528484350.161809,0.208885045036755,0.28,0.012498623755883443,-4.750970437357883e-05
776,1528484350.165806,0.20720674225324803,0.28,0.012024935000969557,-0.000214784370758193
777,1528484350.169811,0.2055251359211663,0.28,0.011550313843496043,-0.00038238829834117815
778,1528484350.173816,0.20384352958908458,0.28,0.011075692686022529,-0.0005499922259241633
779,1528484350.177818,0.20216312454739369,0.28,0.010601410584025243,-0.0007174764221622863
780,1528484350.181814,0.20048532230154956,0.28,0.010127863102226454,-0.0008847012004865409
781,1528484350.185812,0.1988066190879123,0.28,0.009654061328820492,-0.0010520157773194426
782,1528484350.189825,0.19712160909972326,0.28,0.009178479514164332,-0.0012199589437128706
783,1528484350.193816,0.19544590911206305,0.28,0.00870552537944894,-0.0013869741921836167
784,1528484350.197817,0.19413668027929232,0.28,0.008267407602956706,-0.0015524844729866603
785,1528484350.201816,0.19472068512811674,0.28,0.008013539598732841,-0.0017080343512272914
786,1528484350.205822,0.1953056997033238,0.28,0.007759232664554735,-0.0018638531704128327
787,1528484350.209826,0.19589043573332188,0.28,0.007505046814501936,-0.002019597798992881
788,1528484350.213824,0.1964743013095418,0.28,0.007251239352340726,-0.0021751105819307662
789,1528484350.21783,0.19705931588474884,0.28,0.006996932418162619,-0.0023309294011163075
790,1528484350.221829,0.19764332073357327,0.28,0.006743064413938755,-0.0024864792793569384
791,1528484350.225827,0.19822718630979322,0.28,0.006489256951777544,-0.002641992062294823
792,1528484350.229829,0.19881164379458227,0.28,0.006235192185850053,-0.0027976625002693795
793,1528484350.233827,0.1993955093708022,0.28,0.0059813847236888425,-0.0029531752832072642
794,1528484350.237829,0.19997993203744013,0.28,0.005727335093277016,-0.003108836447356134
795,1528484350.241834,0.2005648073400427,0.28,0.005473088701161564,-0.003264618171238929
796,1528484350.245837,0.20114940409743626,0.28,0.005218963393171419,-0.0034203257045162315
797,1528484350.249836,0.20173340894626068,0.28,0.004965095388947554,-0.003575875582756863
798,1528484350.253842,0.20231845833961887,0.28,0.0047107733192537846,-0.00373170367576809
799,1528484350.257837,0.2029018712798742,0.28,0.004457162618796199,-0.0038870958989720497
800,1528484350.261836,0.20348587612869862,0.28,0.004203294614572335,-0.004042645777212681
801,1528484350.265837,0.20475968195681174,0.28,0.004065121540069938,-0.004132875006308808
802,1528484350.269839,0.2065465416417319,0.28,0.0040130189192112194,-0.004174508691733661
803,1528484350.273844,0.20833467871949243,0.28,0.003960879051155414,-0.00421617214030787
804,1528484350.277847,0.21012196420202606,0.28,0.003908764014564333,-0.004257815746782509
805,1528484350.281845,0.21190701424708897,0.28,0.0038567141605681536,-0.004299407267745773
806,1528484350.285846,0.21369334168499227,0.28,0.003804627059374888,-0.004341028551858395
807,1528484350.289857,0.215484139997837,0.28,0.003752409592991817,-0.004382754006993764
808,1528484350.29386,0.21727142548037062,0.28,0.003700294556400736,-0.004424397613468402
809,1528484350.297851,0.21905338849273587,0.28,0.0036483347164641845,-0.004465917206820722
810,1528484350.301851,0.22083929013302572,0.28,0.003596260031003281,-0.004507528569883558
811,1528484350.305856,0.22262742721078627,0.28,0.003544120162947475,-0.004549192018457767
812,1528484350.309857,0.2244137546486896,0.28,0.0034920330617542092,-0.004590813302570389
813,1528484350.313855,0.2261988046937525,0.28,0.0034399832077580306,-0.004632404823533653
814,1528484350.317855,0.22798470633404233,0.28,0.0033879085222971272,-0.004674016186596489
815,1528484350.321862,0.22977380145643322,0.28,0.003335740718843506,-0.0047157019575327155
816,1528484350.325857,0.23155746765925234,0.28,0.0032837312159775048,-0.004757261235084177
817,1528484350.329866,0.2332487706471723,0.28,0.0032231790469035566,-0.004795267158119812
818,1528484350.333876,0.23294697558385646,0.28,0.0029936738638908357,-0.004758514739982519
819,1528484350.337863,0.2326469031155866,0.28,0.0027654786575455276,-0.00472197209841584
820,1528484350.341868,0.2323454848699371,0.28,0.0025362600319288036,-0.004685265568903369
821,1528484350.345867,0.2320445152167475,0.28,0.002307382546069218,-0.004648613668706161
822,1528484350.349905,0.23174060279702097,0.28,0.0020762671834028013,-0.004611603400200819
823,1528484350.353867,0.23144241441708266,0.28,0.0018495047640374768,-0.004575290201758252
824,1528484350.357875,0.231140762903354,0.28,0.0016201087457470404,-0.004538555265001842
825,1528484350.361872,0.23083995474344993,0.28,0.0013913540702000249,-0.00450192303135813
826,1528484350.365873,0.23053882359697475,0.28,0.0011623537740278692,-0.004465251464607428
827,1528484350.369872,0.2302378539437851,0.28,0.0009334762881682839,-0.00442859956441022
828,1528484350.373872,0.2299368125158019,0.28,0.0007045442199475559,-0.004391938923522571
829,1528484350.377877,0.2296353942701524,0.28,0.0004753255943308319,-0.004355232394010099
830,1528484350.38188,0.22933411957409003,0.28,0.00024621613343639177,-0.004318543345878512
831,1528484350.385882,0.22903293459651963,0.28,1.7174900493379525e-05,-0.004281865223609978
832,1528484350.390124,0.2287136623709665,0.28,-0.00022562108745747015,-0.004242984447349982
833,1528484350.393888,0.22843038520439493,0.28,-0.00044104402129550033,-0.004208487127346804
834,1528484350.397861,0.22939470487024763,0.28,-0.0005015425011397535,-0.004178709526185613
835,1528484350.401815,0.23139465065028775,0.28,-0.0004243284249144736,-0.004154539198546859
836,1528484350.405842,0.23343161906385854,0.28,-0.0003456849757151729,-0.004129921434186863
837,1528484350.409826,0.2354467598009829,0.28,-0.00026788425129860104,-0.0041055674680240805
838,1528484350.413828,0.23747094515541933,0.28,-0.00018973433153006972,-0.004081104193216043
839,1528484350.417872,0.2395164758067122,0.28,-0.00011076031073091404,-0.0040563829500052054
840,1528484350.421894,0.2415509117274356,0.28,-3.2214636230162006e-05,-0.004031795792065879
841,1528484350.425894,0.24357413232269207,0.28,4.58980360341603e-05,-0.0040073441768466705
842,1528484350.429895,0.24559783529753854,0.28,0.00012402933205058711,-0.003982886731833047
843,1528484350.433895,0.2476211764876925,0.28,0.0002021466602529356,-0.003958433659165234
844,1528484350.437897,0.2496453618421289,0.28,0.0002802965800214669,-0.003933970384357197
845,1528484350.441901,0.25167063255064276,0.28,0.0003584884032322333,-0.00390949399251173
846,1528484350.445893,0.25368987351428196,0.28,0.0004364474295416934,-0.003885090473096432
847,1528484350.4499,0.25571659136156577,0.28,0.0005146951240087734,-0.003860596591867724
848,1528484350.453904,0.2577418620700796,0.28,0.0005928869472195399,-0.0038361202000222567
849,1528484350.457903,0.2597646002857461,0.28,0.0006709809957317577,-0.0038116744145974607
850,1528484350.461907,0.26178987099426,0.28,0.0007491728189425242,-0.0037871980227519933
851,1528484350.465907,0.2622662000730194,0.28,0.0007369799196787148,-0.003871365742691044
852,1528484350.469909,0.26266299771814533,0.28,0.0007201275100401606,-0.003961166694751032
853,1528484350.473907,0.26305941712303765,0.28,0.0007032911646586345,-0.004050882045665178
854,1528484350.477915,0.2634568294085433,0.28,0.0006864126506024096,-0.00414082209958716
855,1528484350.481916,0.2638535324936108,0.28,0.0006695642570281124,-0.004230601651360687
856,1528484350.485914,0.26424995189850314,0.28,0.0006527279116465863,-0.004320317002274834
857,1528484350.489913,0.26464646586345386,0.28,0.0006358875502008032,-0.004410053753475441
858,1528484350.493915,0.2650432871485944,0.28,0.0006190341365461847,-0.004499860055607044
859,1528484350.497916,0.26543999023366194,0.28,0.0006021857429718876,-0.004589639607380572
860,1528484350.501912,0.2658362205184374,0.28,0.0005853574297188755,-0.004679312157721796
861,1528484350.505917,0.2662333254837532,0.28,0.0005684919678714859,-0.004769182660712782
862,1528484350.509922,0.26663043044906903,0.28,0.0005516265060240964,-0.004859053163703766
863,1528484350.513922,0.26702703897407815,0.28,0.0005347821285140562,-0.0049488113151908335
864,1528484350.517918,0.2674232692588536,0.28,0.0005179538152610441,-0.005038483865532059
865,1528484350.521925,0.2678205633442863,0.28,0.0005010803212851405,-0.0051283971690959645
866,1528484350.525928,0.26821747918948524,0.28,0.000484222891566265,-0.005218224871514029
867,1528484350.529924,0.2686136858342461,0.28,0.0004673955823293172,-0.005307892071783639
868,1528484350.533925,0.27014218474659446,0.28,0.0006390529556517908,-0.005511931821031103
869,1528484350.537927,0.2716981718085659,0.28,0.0008152739015033473,-0.005718755449052036
870,1528484350.541934,0.27325619829355574,0.28,0.0009917258191040092,-0.005925850159576184
871,1528484350.545936,0.27481227805657343,0.28,0.0011679572636714341,-0.00613268610952908
872,1528484350.549936,0.2763675235101746,0.28,0.0013440942197960432,-0.0063394111620942994
873,1528484350.553933,0.2779215638501739,0.28,0.0015200946926143628,-0.006545976029543982
874,1528484350.557942,0.27948033194353405,0.28,0.0016966305999419722,-0.006753169315523844
875,1528484350.561935,0.2810328890667928,0.28,0.0018724630933063969,-0.006959537032062098
876,1528484350.565939,0.2825897104381808,0.28,0.0020487785276007693,-0.007166471557470709
877,1528484350.569949,0.2841488493357261,0.28,0.0022253564297918522,-0.007373714131178429
878,1528484350.573943,0.28570177726317,0.28,0.002401230918019751,-0.00758013113544454
879,1528484350.577945,0.2872578570261877,0.28,0.0025774623625871755,-0.007786967085397437
880,1528484350.581948,0.2888143075933906,0.28,0.002753735802018074,-0.007993852323078192
881,1528484350.585946,0.2903688114386214,0.28,0.002929788768415736,-0.008200478800187695
882,1528484350.589949,0.291925169304778,0.28,0.003106051709130766,-0.008407351715936486
883,1528484350.593942,0.2934777264280367,0.28,0.003281884202495191,-0.008613719432474739
884,1528484350.598234,0.2955705953596623,0.28,0.0035721417864939464,-0.0087792323741137
885,1528484350.601944,0.29796368832879283,0.28,0.003962493319140491,-0.008844758875638228
886,1528484350.605951,0.3005484009778628,0.28,0.004384101069875692,-0.008915532213542137
887,1528484350.609958,0.30313295983906763,0.28,0.004805683735363631,-0.008986301340501922
888,1528484350.613954,0.30571059824634206,0.28,0.005226137564724773,-0.009056880974976096
889,1528484350.617952,0.3082894669565375,0.28,0.005646792076064012,-0.009127494297003266
890,1528484350.621959,0.31087402581774226,0.28,0.006068374741551951,-0.00919826342396305
891,1528484350.625952,0.31344966498277016,0.28,0.006488502462698684,-0.009268788316163604
892,1528484350.62996,0.3160349927833006,0.28,0.006910210554422935,-0.009339578497844012
893,1528484350.633956,0.3186124774027099,0.28,0.007330639298536813,-0.00941015392137406
894,1528484350.637964,0.3211978052032403,0.28,0.0077523473902610645,-0.00948094410305447
895,1528484350.642203,0.3239321534450719,0.28,0.00819836308658235,-0.009555814689591716
896,1528484350.645928,0.3263347812618399,0.28,0.00859026990455915,-0.009621602269651976
897,1528484350.649927,0.3289142651234958,0.28,0.009011024756887438,-0.009692232435455646
898,1528484350.653971,0.33152281489165936,0.28,0.009436520720948274,-0.009763658469698884
899,1528484350.657968,0.3341010684503942,0.28,0.009857074891298464,-0.009834254947949556
900,1528484350.661976,0.33668639625092467,0.28,0.010278782983022714,-0.009905045129629964
901,1528484350.665969,0.3390535677325291,0.28,0.010815992252605097,-0.009926443102388542
902,1528484350.669973,0.3413847407624466,0.28,0.011378680913106247,-0.009937845709629927
903,1528484350.673978,0.3437166078417359,0.28,0.011941537100301606,-0.009949251711716863
904,1528484350.677974,0.34604306133592533,0.28,0.01250308657928215,-0.00996063123400849
905,1528484350.681976,0.34837312388684805,0.28,0.01306550719707257,-0.009972028409496991
906,1528484350.685978,0.3507030476278964,0.28,0.013627894309524151,-0.009983424906016381
907,1528484350.689984,0.3530354699466831,0.28,0.014190884518074872,-0.00999483362397976
908,1528484350.693983,0.35536372796923915,0.28,0.014752869566460356,-0.010006221972869824
909,1528484350.697977,0.35768907098443375,0.28,0.015314151002730172,-0.010017596063408568
910,1528484350.701984,0.36002190973284354,0.28,0.015877241727297417,-0.010029006818279278
911,1528484350.706002,0.362361272545348,0.28,0.016441907202790207,-0.01004044948469818
912,1528484350.709991,0.36468370055318117,0.28,0.017002485026944354,-0.010051809316885605
913,1528484350.713983,0.36700793308938096,0.28,0.017563498420503438,-0.010063177975671465
914,1528484350.717992,0.3693420211266599,0.28,0.018126890693120255,-0.010074594841264169
915,1528484350.72199,0.3716697239097186,0.28,0.01868874172015037,-0.01008598047427779
916,1528484350.72599,0.37399853717177206,0.28,0.019250860789891223,-0.010097371539044298
917,1528484350.729988,0.3762742541443582,0.28,0.019828726787299224,-0.010111251338506027
918,1528484350.733994,0.37826903163025744,0.28,0.020495657034672318,-0.01013885218455636
919,1528484350.737996,0.38026190955421313,0.28,0.021161952185987917,-0.01016642674721562
920,1528484350.742001,0.3822562121496264,0.28,0.021828723659346638,-0.010194021022418186
921,1528484350.746004,0.3842495649640679,0.28,0.02249517758467661,-0.010221602155925215
922,1528484350.75,0.3862393560998655,0.28,0.02316044070489879,-0.010249134008073982
923,1528484350.753999,0.388230690629742,0.28,0.023826219840667677,-0.010276687215477996
924,1528484350.757998,0.3902220251596187,0.28,0.024491998976436568,-0.01030424042288201
925,1528484350.761998,0.39221383457998116,0.28,0.025157936886219832,-0.010331800201133792
926,1528484350.766001,0.3942071873944227,0.28,0.025824390811549806,-0.010359381334640821
927,1528484350.77,0.3961985219242993,0.28,0.026490169947318693,-0.010386934542044835
928,1528484350.774008,0.39819436791379165,0.28,0.027157457436224126,-0.010414550172502647
929,1528484350.778007,0.40018570244366825,0.28,0.027823236571993017,-0.010442103379906661
930,1528484350.782011,0.40217953014859564,0.28,0.02848984927133736,-0.010469691084261459
931,1528484350.786008,0.4041697961748791,0.28,0.029155271165573912,-0.010497229507257995
932,1528484350.790013,0.4061642174929138,0.28,0.029822082332436224,-0.010524825425172501
933,1528484350.794011,0.4081550771323046,0.28,0.03048770269419074,-0.010552372061728748
934,1528484350.798013,0.40750313024881574,0.28,0.030846672262337303,-0.010585100768063283
935,1528484350.802016,0.40426564136645216,0.28,0.030905359655981235,-0.010622879292716665
936,1528484350.806017,0.40102988788611016,0.28,0.03096401559122476,-0.010660637566820797
937,1528484350.810025,0.39778834973236304,0.28,0.031022776387802972,-0.010698463342755758
938,1528484350.81402,0.3945574168131919,0.28,0.03108134493860093,-0.010736165365334201
939,1528484350.818019,0.39132320591242453,0.28,0.031139972910821875,-0.010773905638950112
940,1528484350.822026,0.3880824390484648,0.28,0.031198719725888793,-0.010811722414640963
941,1528484350.826019,0.38485304870886833,0.28,0.031257260313664166,-0.010849406436731185
942,1528484350.830022,0.38161555982650475,0.28,0.0313159477073081,-0.010887184961384565
943,1528484350.834022,0.37838057763595007,0.28,0.031374589661040335,-0.010924934235244588
944,1528484350.838029,0.3751400035944371,0.28,0.03143333298072943,-0.01096274876087441
945,1528484350.842032,0.3719025147120736,0.28,0.03149202037437336,-0.011000527285527792
946,1528484350.846058,0.3686465148748138,0.28,0.03155104332428828,-0.011038521816039822
947,1528484350.850034,0.3654308149289427,0.28,0.03160933574023824,-0.011076046083797085
948,1528484350.854035,0.36219506144860064,0.28,0.03166799167548177,-0.011113804357901217
949,1528484350.858027,0.3589664423987915,0.28,0.03172651828174585,-0.011151479379747328
950,1528484350.862031,0.3557281822266406,0.28,0.03178521965690107,-0.011189266904644819
951,1528484350.866032,0.3508068400489712,0.28,0.03145666610106391,-0.011300141851740482
952,1528484350.870035,0.3450247517934619,0.28,0.030930814081360884,-0.011448298810086344
953,1528484350.874042,0.3392368091305469,0.28,0.03040442963257299,-0.011596605778455546
954,1528484350.878046,0.3334533433674127,0.28,0.029878452335438236,-0.01174479803327749
955,1528484350.88204,0.32768434143434,0.28,0.029353790451336684,-0.011892619675100592
956,1528484350.886044,0.32190087567120584,0.28,0.028827813154201926,-0.012040811929922533
957,1528484350.890043,0.3161246418231024,0.28,0.028302493563583775,-0.012188818878245055
958,1528484350.894277,0.3100088523454616,0.28,0.027746293086043216,-0.012345526407921302
959,1528484350.898048,0.304562187196615,0.28,0.027250946120967394,-0.012485088674341682
960,1528484350.901977,0.29888685578203533,0.28,0.026734803102223748,-0.012630510155791343
961,1528484350.905989,0.2930920255809958,0.28,0.02620779226627719,-0.012778993606540945
962,1528484350.909998,0.2873013279028309,0.28,0.025681157262625827,-0.012927371167862307
963,1528484350.913994,0.28152922657760215,0.28,0.025156213504302877,-0.01307527222675659
964,1528484350.918059,0.2756576003264745,0.28,0.02462221845153715,-0.013225723456047653
965,1528484350.92206,0.2698786114631213,0.28,0.02409664830605553,-0.013373800997322334
966,1528484350.92605,0.2641154639374544,0.28,0.023572518851038848,-0.013521472629122098
967,1528484350.930051,0.25835809408249005,0.28,0.023043555399962466,-0.013667253287906566
968,1528484350.934059,0.2538422372778588,0.28,0.02232219772192467,-0.013681935252421716
969,1528484350.938059,0.24933497698826318,0.28,0.021602213241132397,-0.013696589267926489
970,1528484350.942064,0.2448223438767703,0.28,0.020881370512061674,-0.013711260751562747
971,1528484350.946088,0.24028821947768847,0.28,0.020157094789877147,-0.013726002107724955
972,1528484350.950067,0.23580486824553554,0.28,0.019440929513923975,-0.013740578390044608
973,1528484350.954066,0.23129895116141422,0.28,0.018721159595201316,-0.013755228038516507
974,1528484350.958066,0.22679195951291345,0.28,0.018001218026822967,-0.013769881180614703
975,1528484350.962066,0.22228496786441268,0.28,0.017281276458444614,-0.013784534322712901
976,1528484350.96607,0.21777340931729924,0.28,0.016560605379029578,-0.013799202312722861
977,1528484350.97007,0.21326641766879847,0.28,0.015840663810651228,-0.01381385545482106
978,1528484350.974078,0.2087502922230724,0.28,0.01511926322019951,-0.013828538292742784
979,1528484350.978078,0.20424330057457163,0.28,0.014399321651821161,-0.013843191434840982
980,1528484350.982072,0.19974275631234753,0.28,0.01368040998137695,-0.013857823615181394
981,1528484350.986079,0.19522797407209577,0.28,0.012959223952994845,-0.013872502086070247
982,1528484350.990075,0.19072528068111277,0.28,0.012239968983239254,-0.013887141253663254
983,1528484350.994074,0.18621936359699146,0.28,0.011520199064516594,-0.013901790902135154
984,1528484350.998075,0.18279137953381677,0.28,0.0107940720545727,-0.013836176853476132
985,1528484351.00208,0.18040648419067778,0.28,0.010061382289439855,-0.013692716877481304
986,1528484351.006079,0.1780251382214868,0.28,0.009329782966272024,-0.013549470409011171
987,1528484351.010086,0.1756389651037265,0.28,0.008596700642031774,-0.01340593357030745
988,1528484351.014085,0.17325761913453552,0.28,0.007865101318863945,-0.013262687101837319
989,1528484351.018095,0.1708697423172802,0.28,0.0071314955824804864,-0.013119047779521742
990,1528484351.022088,0.16849194572203718,0.28,0.006400986701277671,-0.012976014818576308
991,1528484351.026083,0.16611301332713085,0.28,0.005670128878646051,-0.012832913535222971
992,1528484351.030086,0.16372925378365522,0.28,0.004937788054942011,-0.012689521881636044
993,1528484351.034085,0.16134790781446423,0.28,0.004206188731774181,-0.012546275413165912
994,1528484351.0381,0.1589570495230926,0.28,0.0034716670241401104,-0.01240245674452959
995,1528484351.042099,0.1565757035539016,0.28,0.0027400677009722808,-0.01225921027605946
996,1528484351.046099,0.1541937896848789,0.28,0.0020082939070900484,-0.012115929646385375
997,1528484351.050097,0.15181301161551958,0.28,0.0012768690546366198,-0.011972717339119195
998,1528484351.054102,0.1494281162723806,0.28,0.0005441792895037757,-0.011829257363124365
999,1528484351.058163,0.14700985681413042,0.28,-0.0001987606301002108,-0.011683790416397378
